Item_name,user_id,count
baby items,1478925,1
baby items,1479468,1
baby items,1479573,1
baby items,1479711,1
baby items,1479780,1
baby items,1479912,1
baby items,1480617,1
baby items,1480732,1
baby items,1481136,1
baby items,1481570,1
baby items,1482048,1
baby items,1482059,1
baby items,1482060,1
baby items,1483035,1
baby items,1483067,1
baby items,1483340,1
baby items,1484052,1
baby items,1484448,1
baby items,1485538,1
baby items,1486986,1
baby items,1487256,1
baby items,1487263,1
baby items,1487630,1
baby items,1488275,1
baby items,1488610,1
baby items,1489460,1
baby items,1489740,1
baby items,1489917,1
baby items,1489990,1
baby items,1490084,1
baby items,1491514,1
baby items,1491642,1
baby items,1492156,1
baby items,1492215,1
baby items,1492232,1
baby items,1492354,1
baby items,1493476,1
baby items,1493638,1
baby items,1493895,1
baby items,1494198,1
baby items,1494252,1
baby items,1494506,1
baby items,1494796,1
baby items,1494846,2
baby items,1494953,1
baby items,1495446,1
baby items,1496236,1
baby items,1496728,1
baby items,1497027,1
baby items,1497936,1
baby items,1498229,1
baby items,1498364,1
baby items,1498776,1
baby items,1498785,1
baby items,1498838,1
baby items,1498969,1
baby items,1499087,1
baby items,1499523,1
bagels,47,1
bagels,281,1
bagels,420,1
bagels,609,1
bagels,770,1
bagels,956,1
bagels,960,1
bagels,1233,1
bagels,1379,1
bagels,1383,1
bagels,1769,1
bagels,2325,1
bagels,2345,1
bagels,2655,1
bagels,3009,1
bagels,3137,1
bagels,3143,1
bagels,4036,1
bagels,4238,2
bagels,4539,1
bagels,4688,1
bagels,4976,1
bagels,4979,1
bagels,5124,2
bagels,5190,1
bagels,5289,2
bagels,5418,2
bagels,5444,1
bagels,5577,1
bagels,5845,1
bagels,5925,1
bagels,6067,1
bagels,6139,1
bagels,6188,1
bagels,6245,1
bagels,6474,1
bagels,6554,1
bagels,7124,1
bagels,7151,1
bagels,7402,1
bagels,7495,1
bagels,7685,1
bagels,7745,1
bagels,7747,1
bagels,8086,1
bagels,8175,2
bagels,8272,1
bagels,8811,1
bagels,9356,1
bagels,9526,1
bagels,9666,1
bagels,9688,1
bagels,9718,1
bagels,9733,1
bagels,9940,2
bagels,9946,1
bagels,10475,1
bagels,10556,1
bagels,10988,1
bagels,11098,1
bagels,11167,1
bagels,11218,1
bagels,11333,1
bagels,11454,1
bagels,11710,2
bagels,11964,1
bagels,12270,1
bagels,12492,1
bagels,12539,1
bagels,12589,1
bagels,12728,2
bagels,12843,2
bagels,12850,1
bagels,12903,1
bagels,13148,1
bagels,13983,1
bagels,14358,1
bagels,14557,1
bagels,14611,1
bagels,14917,1
bagels,14991,1
bagels,15262,1
bagels,15384,1
bagels,15644,1
bagels,15686,1
bagels,16061,1
bagels,16194,1
bagels,16329,1
bagels,16402,1
bagels,16452,1
bagels,16531,1
bagels,16640,1
bagels,17174,1
bagels,17206,1
bagels,17232,1
bagels,17322,1
bagels,17385,2
bagels,17512,1
bagels,17652,1
bagels,17789,1
bagels,17853,1
bagels,18025,1
bagels,18146,1
bagels,18345,2
bagels,18428,1
bagels,18473,1
bagels,18936,1
bagels,18979,1
bagels,19126,1
bagels,19159,1
bagels,19205,1
bagels,19373,1
bagels,19473,1
bagels,20355,1
bagels,20708,1
bagels,20857,1
bagels,20929,2
bagels,21186,1
bagels,21465,1
bagels,21543,1
bagels,21647,1
bagels,21779,1
bagels,22552,3
bagels,22974,1
bagels,23093,1
bagels,23235,1
bagels,23344,1
bagels,24054,1
bagels,24139,1
bagels,24403,1
bagels,25312,1
bagels,25603,1
bagels,25800,1
bagels,25969,1
bagels,26096,1
bagels,26104,1
bagels,26312,1
bagels,26363,1
bagels,26499,1
bagels,26618,1
bagels,26764,1
bagels,27840,1
bagels,28230,1
bagels,28640,1
bagels,28750,1
bagels,29039,1
bagels,29294,1
bagels,29425,1
bagels,29575,1
bagels,29794,1
bagels,29982,1
bagels,30109,1
bagels,30221,1
bagels,30395,1
bagels,30756,1
bagels,30778,1
bagels,31237,1
bagels,31255,1
bagels,31349,1
bagels,32177,1
bagels,32326,1
bagels,32527,1
bagels,32718,1
bagels,32741,1
bagels,32765,1
bagels,32797,1
bagels,32960,1
bagels,33134,1
bagels,33177,1
bagels,33592,2
bagels,33986,1
bagels,34162,1
bagels,34170,1
bagels,34258,1
bagels,34308,1
bagels,34404,2
bagels,34732,1
bagels,34773,1
bagels,34877,1
bagels,35052,1
bagels,35116,1
bagels,35378,1
bagels,35843,1
bagels,36041,1
bagels,36052,1
bagels,36112,1
bagels,36272,1
bagels,36953,1
bagels,37358,1
bagels,37465,1
bagels,37527,1
bagels,37770,1
bagels,37820,1
bagels,37900,1
bagels,38038,1
bagels,38193,1
bagels,38662,1
bagels,38872,3
bagels,39618,2
bagels,39634,2
bagels,39782,1
bagels,39956,2
bagels,40337,1
bagels,40526,1
bagels,40602,1
bagels,40934,1
bagels,41025,1
bagels,41116,1
bagels,41637,1
bagels,41842,1
bagels,42020,1
bagels,42119,1
bagels,42475,1
bagels,42845,1
bagels,43101,1
bagels,43261,1
bagels,43310,1
bagels,43340,1
bagels,43345,1
bagels,44250,1
bagels,44318,1
bagels,44394,1
bagels,44456,1
bagels,45537,1
bagels,45850,1
bagels,45955,2
bagels,46757,1
bagels,46788,1
bagels,47081,1
bagels,47338,1
bagels,47370,1
bagels,47582,1
bagels,47718,1
bagels,47917,1
bagels,48053,1
bagels,48374,2
bagels,48566,3
bagels,48692,1
bagels,48705,1
bagels,48750,1
bagels,48759,1
bagels,48833,1
bagels,48967,1
bagels,48989,1
bagels,49141,1
bagels,49566,1
bagels,49640,1
bagels,49813,1
bagels,49925,1
bagels,50137,1
bagels,50163,2
bagels,50472,1
bagels,50548,1
bagels,50628,1
bagels,50690,1
bagels,50710,1
bagels,50981,1
bagels,51001,1
bagels,51324,1
bagels,51676,1
bagels,51969,2
bagels,52056,1
bagels,52065,1
bagels,52200,1
bagels,52591,1
bagels,52651,1
bagels,52884,1
bagels,52983,1
bagels,53091,1
bagels,53219,1
bagels,53685,1
bagels,54179,1
bagels,54290,1
bagels,54294,2
bagels,54305,1
bagels,54668,1
bagels,54922,1
bagels,55063,2
bagels,55071,1
bagels,55141,1
bagels,55409,2
bagels,55462,1
bagels,55530,2
bagels,55714,1
bagels,55940,1
bagels,55974,1
bagels,56002,1
bagels,56158,1
bagels,57073,1
bagels,57323,1
bagels,57733,1
bagels,57941,1
bagels,57953,1
bagels,57962,1
bagels,58147,2
bagels,58255,2
bagels,58363,1
bagels,58587,1
bagels,59259,1
bagels,59492,1
bagels,59535,1
bagels,59819,1
bagels,60103,1
bagels,60132,1
bagels,60201,1
bagels,60703,1
bagels,61106,1
bagels,61395,1
bagels,61791,1
bagels,61963,1
bagels,62035,1
bagels,62155,1
bagels,62303,1
bagels,62340,2
bagels,62544,1
bagels,62661,1
bagels,62898,1
bagels,62965,1
bagels,62973,1
bagels,63534,1
bagels,63581,1
bagels,64107,1
bagels,64537,1
bagels,64614,1
bagels,64615,1
bagels,64998,2
bagels,65132,1
bagels,65538,1
bagels,66052,1
bagels,66777,1
bagels,66879,1
bagels,67031,1
bagels,67034,1
bagels,67268,1
bagels,67370,2
bagels,67636,1
bagels,67657,1
bagels,67690,1
bagels,67713,1
bagels,68016,1
bagels,68047,1
bagels,68116,1
bagels,68164,1
bagels,68194,1
bagels,68441,2
bagels,68453,1
bagels,68530,1
bagels,68537,1
bagels,68836,2
bagels,69153,1
bagels,69253,1
bagels,69489,1
bagels,69648,1
bagels,70037,1
bagels,70420,2
bagels,70583,1
bagels,70603,1
bagels,70817,1
bagels,71297,1
bagels,71406,1
bagels,71461,1
bagels,71487,1
bagels,71494,1
bagels,71553,1
bagels,71664,1
bagels,71946,1
bagels,72604,2
bagels,72672,2
bagels,72705,1
bagels,72876,1
bagels,72910,1
bagels,73059,1
bagels,73071,1
bagels,73105,1
bagels,73188,1
bagels,73246,1
bagels,73271,1
bagels,73780,1
bagels,74287,1
bagels,74850,1
bagels,75050,1
bagels,75181,1
bagels,75264,1
bagels,75417,2
bagels,75488,1
bagels,75834,1
bagels,76187,1
bagels,76463,1
bagels,76467,1
bagels,76651,1
bagels,76740,1
bagels,76909,1
bagels,77025,1
bagels,77038,1
bagels,77136,1
bagels,77480,2
bagels,77581,1
bagels,77776,1
bagels,77914,1
bagels,77919,1
bagels,78012,1
bagels,78216,1
bagels,78793,1
bagels,79171,1
bagels,79455,1
bagels,79673,1
bagels,79677,1
bagels,79884,1
bagels,80097,1
bagels,80215,2
bagels,80305,1
bagels,80318,2
bagels,80517,1
bagels,81128,1
bagels,81225,1
bagels,81367,1
bagels,81434,1
bagels,81498,3
bagels,82207,1
bagels,82848,1
bagels,82955,1
bagels,83760,1
bagels,83908,1
bagels,83999,1
bagels,84694,1
bagels,84943,1
bagels,84971,1
bagels,85020,3
bagels,85515,2
bagels,85951,1
bagels,85969,1
bagels,86139,1
bagels,86225,1
bagels,86879,1
bagels,86899,1
bagels,87066,1
bagels,87083,1
bagels,87205,1
bagels,87223,1
bagels,87247,1
bagels,87339,1
bagels,87411,1
bagels,87472,1
bagels,87480,1
bagels,87661,1
bagels,87710,2
bagels,87769,1
bagels,88022,1
bagels,88130,1
bagels,88136,1
bagels,88291,1
bagels,88311,1
bagels,88483,1
bagels,88595,2
bagels,88976,1
bagels,89202,1
bagels,89530,1
bagels,89531,1
bagels,89533,1
bagels,90179,1
bagels,90305,1
bagels,90419,1
bagels,90450,1
bagels,90601,1
bagels,90642,1
bagels,91299,1
bagels,91312,1
bagels,91435,1
bagels,91561,1
bagels,91590,1
bagels,91781,1
bagels,91797,1
bagels,91931,1
bagels,92030,1
bagels,92096,1
bagels,92162,1
bagels,92366,1
bagels,92858,1
bagels,93205,1
bagels,93223,1
bagels,93712,1
bagels,94075,1
bagels,94355,1
bagels,94543,1
bagels,94589,1
bagels,94848,1
bagels,94938,1
bagels,95191,1
bagels,95201,2
bagels,95252,1
bagels,95366,1
bagels,95389,1
bagels,95618,1
bagels,95630,1
bagels,95662,1
bagels,95700,1
bagels,95917,1
bagels,96117,1
bagels,96136,1
bagels,96219,1
bagels,96585,1
bagels,96655,1
bagels,96746,1
bagels,97028,1
bagels,97472,1
bagels,97556,1
bagels,97679,1
bagels,98061,1
bagels,98086,1
bagels,98627,1
bagels,98899,1
bagels,99238,1
bagels,99810,2
bagels,100134,1
bagels,100321,1
bagels,100662,1
bagels,100761,1
bagels,100880,1
bagels,101301,1
bagels,101303,1
bagels,101397,1
bagels,101880,1
bagels,101951,1
bagels,102148,2
bagels,102719,1
bagels,103024,1
bagels,103154,1
bagels,103185,1
bagels,103234,1
bagels,103379,1
bagels,104343,2
bagels,104413,1
bagels,104653,1
bagels,104683,1
bagels,105184,1
bagels,105387,1
bagels,105504,1
bagels,105800,1
bagels,106088,1
bagels,106208,1
bagels,106822,1
bagels,106988,1
bagels,107022,1
bagels,107214,1
bagels,108041,1
bagels,108885,1
bagels,108975,1
bagels,109250,1
bagels,109420,1
bagels,109578,1
bagels,109733,1
bagels,110008,1
bagels,110071,1
bagels,110210,1
bagels,110658,1
bagels,110824,1
bagels,110974,2
bagels,111082,2
bagels,111277,1
bagels,111450,2
bagels,111598,1
bagels,112229,1
bagels,112321,1
bagels,112659,1
bagels,112757,1
bagels,112811,1
bagels,113214,1
bagels,113521,1
bagels,113733,1
bagels,113864,1
bagels,114159,1
bagels,114235,1
bagels,114426,1
bagels,114583,1
bagels,115021,1
bagels,115412,1
bagels,115594,1
bagels,115849,1
bagels,116265,1
bagels,116340,1
bagels,116524,1
bagels,116839,1
bagels,116981,1
bagels,117178,2
bagels,117309,1
bagels,117351,1
bagels,117986,2
bagels,118096,1
bagels,118097,1
bagels,118246,1
bagels,118496,1
bagels,118631,1
bagels,118679,2
bagels,119013,2
bagels,119066,1
bagels,119089,1
bagels,119112,1
bagels,119212,1
bagels,119240,1
bagels,119527,1
bagels,119658,1
bagels,119692,1
bagels,120183,2
bagels,120265,1
bagels,120523,1
bagels,120557,1
bagels,120666,1
bagels,120750,1
bagels,120755,1
bagels,120760,1
bagels,120953,2
bagels,121623,1
bagels,121705,1
bagels,121749,2
bagels,121946,1
bagels,122129,2
bagels,122175,1
bagels,122292,1
bagels,122425,1
bagels,122494,1
bagels,122513,1
bagels,122640,1
bagels,122698,1
bagels,123021,1
bagels,123410,1
bagels,123447,1
bagels,123531,1
bagels,123573,1
bagels,123859,1
bagels,123939,1
bagels,124001,1
bagels,124204,1
bagels,124279,1
bagels,124396,1
bagels,125051,1
bagels,125189,1
bagels,125338,1
bagels,125526,1
bagels,126037,1
bagels,126112,2
bagels,126291,1
bagels,126652,1
bagels,126919,1
bagels,126933,1
bagels,127017,1
bagels,127071,1
bagels,127672,1
bagels,127796,1
bagels,127814,1
bagels,128272,1
bagels,128273,1
bagels,128417,1
bagels,128503,1
bagels,128598,1
bagels,128872,1
bagels,129015,1
bagels,129023,1
bagels,129491,1
bagels,129577,1
bagels,129662,1
bagels,130114,1
bagels,130371,1
bagels,130710,1
bagels,130882,1
bagels,131026,2
bagels,131293,1
bagels,131693,3
bagels,132131,1
bagels,132326,2
bagels,132359,1
bagels,132394,1
bagels,132906,1
bagels,133151,1
bagels,133297,1
bagels,133384,1
bagels,133956,1
bagels,135624,2
bagels,135850,1
bagels,135994,1
bagels,136007,1
bagels,136146,1
bagels,136373,1
bagels,136405,1
bagels,136642,1
bagels,136679,2
bagels,137101,1
bagels,137183,1
bagels,137308,1
bagels,137370,1
bagels,137442,1
bagels,137449,1
bagels,137715,1
bagels,137740,1
bagels,137956,1
bagels,138011,1
bagels,138418,1
bagels,138783,1
bagels,138975,1
bagels,139212,1
bagels,139358,1
bagels,139423,1
bagels,139638,1
bagels,139697,1
bagels,139701,1
bagels,139746,1
bagels,140476,1
bagels,140495,1
bagels,140951,1
bagels,141469,1
bagels,141522,2
bagels,141893,1
bagels,141966,1
bagels,142008,1
bagels,142082,1
bagels,142394,2
bagels,142451,1
bagels,142476,1
bagels,143094,1
bagels,143523,2
bagels,143682,3
bagels,143688,1
bagels,143741,1
bagels,144012,1
bagels,144375,1
bagels,144516,3
bagels,144929,1
bagels,145200,1
bagels,145331,1
bagels,145342,1
bagels,145388,1
bagels,145540,2
bagels,145678,1
bagels,145741,1
bagels,145849,1
bagels,146105,1
bagels,146474,1
bagels,147573,2
bagels,147704,1
bagels,147968,2
bagels,148058,1
bagels,148130,1
bagels,148290,1
bagels,148382,1
bagels,148515,1
bagels,148699,1
bagels,148792,1
bagels,148971,1
bagels,149329,1
bagels,149581,1
bagels,149817,1
bagels,149838,1
bagels,149850,1
bagels,149999,1
bagels,150003,1
bagels,150125,1
bagels,150724,1
bagels,150901,1
bagels,151086,1
bagels,151235,2
bagels,151746,1
bagels,151935,1
bagels,152033,1
bagels,152360,1
bagels,152471,1
bagels,152484,1
bagels,152662,1
bagels,152923,1
bagels,153162,1
bagels,153440,1
bagels,153542,1
bagels,153728,1
bagels,153862,1
bagels,153988,1
bagels,154381,1
bagels,154524,1
bagels,154549,1
bagels,154588,1
bagels,154635,1
bagels,154815,1
bagels,154849,1
bagels,154876,1
bagels,154884,1
bagels,154960,2
bagels,155045,1
bagels,155340,1
bagels,155497,1
bagels,155513,1
bagels,155748,1
bagels,155802,1
bagels,155814,1
bagels,156172,1
bagels,156229,1
bagels,156430,1
bagels,156692,1
bagels,156767,1
bagels,156808,1
bagels,156886,1
bagels,157089,1
bagels,157364,1
bagels,157619,1
bagels,158262,2
bagels,158615,1
bagels,159059,1
bagels,159068,1
bagels,159243,1
bagels,159251,1
bagels,159535,1
bagels,159691,1
bagels,159896,1
bagels,160010,1
bagels,160152,1
bagels,160245,1
bagels,160653,1
bagels,160847,1
bagels,160988,1
bagels,161061,1
bagels,161360,1
bagels,161502,1
bagels,161541,1
bagels,161542,1
bagels,161704,2
bagels,161879,1
bagels,162008,1
bagels,162182,1
bagels,162256,1
bagels,162264,1
bagels,162338,1
bagels,162437,1
bagels,162670,1
bagels,162763,1
bagels,163023,1
bagels,163024,1
bagels,163159,1
bagels,163349,1
bagels,163351,1
bagels,163459,2
bagels,163461,1
bagels,163471,1
bagels,164111,3
bagels,164298,1
bagels,164586,1
bagels,164795,2
bagels,165191,1
bagels,165257,1
bagels,165499,1
bagels,165982,1
bagels,166220,1
bagels,166387,1
bagels,166491,2
bagels,166566,1
bagels,166849,1
bagels,167484,2
bagels,167491,2
bagels,167544,1
bagels,167584,1
bagels,167748,1
bagels,168000,1
bagels,168292,1
bagels,168828,1
bagels,169246,2
bagels,169385,2
bagels,169463,1
bagels,169938,1
bagels,169968,1
bagels,170055,1
bagels,170199,1
bagels,170291,1
bagels,170396,1
bagels,170481,1
bagels,171238,1
bagels,171435,1
bagels,171559,1
bagels,171938,1
bagels,172120,1
bagels,172168,1
bagels,172815,1
bagels,173078,1
bagels,173124,1
bagels,173217,1
bagels,173409,1
bagels,173663,1
bagels,173696,1
bagels,173778,1
bagels,174268,1
bagels,174302,1
bagels,174378,1
bagels,174425,1
bagels,174730,1
bagels,174762,1
bagels,174786,1
bagels,174892,1
bagels,175070,1
bagels,175207,1
bagels,175376,1
bagels,175798,1
bagels,175800,1
bagels,175865,1
bagels,175885,1
bagels,175890,1
bagels,176016,1
bagels,176421,1
bagels,176698,1
bagels,176786,1
bagels,176936,1
bagels,177051,1
bagels,177084,2
bagels,177599,1
bagels,178044,1
bagels,178085,1
bagels,178157,1
bagels,178212,1
bagels,178372,1
bagels,178595,1
bagels,178719,1
bagels,179612,1
bagels,179637,1
bagels,179759,1
bagels,179877,1
bagels,180100,1
bagels,180370,1
bagels,180541,2
bagels,180613,1
bagels,180840,1
bagels,181449,2
bagels,181585,1
bagels,181787,1
bagels,181973,1
bagels,182011,1
bagels,182028,1
bagels,182510,1
bagels,182617,2
bagels,182623,1
bagels,182642,1
bagels,183086,1
bagels,183184,1
bagels,183395,1
bagels,183407,1
bagels,183523,1
bagels,183660,1
bagels,183781,1
bagels,183892,1
bagels,184025,2
bagels,184125,1
bagels,184313,1
bagels,184825,2
bagels,185157,1
bagels,185222,1
bagels,185336,1
bagels,185855,1
bagels,185905,1
bagels,186211,2
bagels,186395,1
bagels,187411,1
bagels,187767,1
bagels,187774,1
bagels,187788,1
bagels,187878,1
bagels,187957,1
bagels,187985,1
bagels,188307,1
bagels,188311,1
bagels,188332,1
bagels,188592,1
bagels,188714,1
bagels,188865,1
bagels,188990,1
bagels,189005,1
bagels,189072,1
bagels,189099,1
bagels,189910,1
bagels,189950,1
bagels,190011,1
bagels,190531,1
bagels,190577,1
bagels,190728,2
bagels,190771,2
bagels,190838,1
bagels,191080,1
bagels,191114,1
bagels,191323,1
bagels,191417,1
bagels,191458,1
bagels,191530,1
bagels,191574,1
bagels,191683,1
bagels,192195,1
bagels,192248,1
bagels,192491,1
bagels,192628,1
bagels,192639,2
bagels,192894,1
bagels,193587,1
bagels,193606,1
bagels,193680,1
bagels,193689,1
bagels,193867,1
bagels,193921,1
bagels,194437,1
bagels,194930,1
bagels,195043,1
bagels,195359,1
bagels,195365,1
bagels,195722,1
bagels,195770,1
bagels,196337,1
bagels,196741,1
bagels,196919,1
bagels,197063,1
bagels,197083,1
bagels,197113,1
bagels,197240,1
bagels,197281,1
bagels,197349,1
bagels,197388,1
bagels,198053,1
bagels,198343,1
bagels,198504,1
bagels,198617,2
bagels,198702,1
bagels,198776,1
bagels,198842,2
bagels,198866,1
bagels,199036,1
bagels,199107,1
bagels,199118,2
bagels,199175,1
bagels,199483,1
bagels,199994,1
bagels,200383,1
bagels,200444,1
bagels,200590,1
bagels,200692,1
bagels,200732,2
bagels,201201,2
bagels,201898,2
bagels,202267,1
bagels,202311,1
bagels,202395,2
bagels,202519,1
bagels,202720,1
bagels,202838,1
bagels,203196,1
bagels,203336,1
bagels,204003,1
bagels,204396,1
bagels,204624,2
bagels,204643,1
bagels,204767,1
bagels,204844,1
bagels,204872,1
bagels,205051,1
bagels,205154,1
bagels,205406,1
bagels,205531,1
bagels,205612,1
bagels,205638,2
bagels,205913,1
bagels,205996,1
bagels,206803,1
bagels,207431,1
bagels,207647,1
bagels,207807,1
bagels,208334,1
bagels,208689,1
bagels,208724,1
bagels,208754,1
bagels,209134,1
bagels,209241,1
bagels,209468,1
bagels,209907,1
bagels,210542,1
bagels,211364,1
bagels,211452,1
bagels,211560,1
bagels,211777,1
bagels,211865,2
bagels,212036,1
bagels,212079,1
bagels,212113,1
bagels,212205,1
bagels,212271,1
bagels,212512,1
bagels,212541,1
bagels,212637,1
bagels,212668,1
bagels,213032,2
bagels,213217,1
bagels,213246,1
bagels,213252,1
bagels,213369,2
bagels,213460,2
bagels,213592,2
bagels,213700,1
bagels,213945,1
bagels,214043,1
bagels,214110,1
bagels,214127,2
bagels,214306,1
bagels,214393,1
bagels,214554,1
bagels,214679,1
bagels,214942,1
bagels,214958,1
bagels,215287,1
bagels,215340,1
bagels,215445,1
bagels,215736,1
bagels,215985,1
bagels,216052,1
bagels,216123,1
bagels,216316,1
bagels,216497,1
bagels,216504,1
bagels,216952,1
bagels,217167,1
bagels,217363,1
bagels,217935,1
bagels,217978,1
bagels,218091,1
bagels,218176,1
bagels,218356,1
bagels,218470,1
bagels,218611,1
bagels,219022,2
bagels,219061,1
bagels,219164,1
bagels,219482,1
bagels,219509,1
bagels,219813,1
bagels,220349,1
bagels,220535,1
bagels,220630,1
bagels,220666,1
bagels,221033,1
bagels,221124,1
bagels,221263,1
bagels,221451,1
bagels,221623,1
bagels,221777,1
bagels,221795,1
bagels,222204,1
bagels,222206,1
bagels,222276,1
bagels,222343,1
bagels,222365,1
bagels,222519,1
bagels,222951,2
bagels,223027,1
bagels,223420,1
bagels,223700,1
bagels,223749,1
bagels,224044,1
bagels,224107,2
bagels,224825,1
bagels,225128,1
bagels,225344,1
bagels,225378,1
bagels,225573,1
bagels,225756,1
bagels,225795,2
bagels,226140,1
bagels,226213,1
bagels,226333,2
bagels,227058,2
bagels,227177,1
bagels,227298,1
bagels,227324,1
bagels,227412,1
bagels,227745,1
bagels,227820,1
bagels,228209,1
bagels,228257,1
bagels,228561,1
bagels,228711,1
bagels,228792,1
bagels,229532,2
bagels,229558,1
bagels,229659,1
bagels,229741,2
bagels,229745,1
bagels,230033,1
bagels,230588,1
bagels,230611,1
bagels,230627,2
bagels,230719,2
bagels,230725,1
bagels,230830,2
bagels,230896,1
bagels,230975,1
bagels,231325,1
bagels,231461,1
bagels,231463,1
bagels,231549,1
bagels,231630,1
bagels,231667,1
bagels,231676,1
bagels,232051,1
bagels,232350,1
bagels,232389,2
bagels,232430,1
bagels,232743,1
bagels,232796,1
bagels,232956,1
bagels,232964,1
bagels,233347,1
bagels,233488,1
bagels,233535,1
bagels,233549,1
bagels,233575,2
bagels,233586,1
bagels,233606,1
bagels,233963,1
bagels,234061,1
bagels,234069,1
bagels,234079,1
bagels,234355,1
bagels,234368,1
bagels,234659,1
bagels,234945,1
bagels,235267,1
bagels,235429,2
bagels,235450,1
bagels,235699,1
bagels,235897,1
bagels,236076,1
bagels,236163,1
bagels,236326,1
bagels,236383,1
bagels,236483,1
bagels,236823,1
bagels,236930,1
bagels,236962,1
bagels,237098,1
bagels,237292,1
bagels,237447,1
bagels,237496,1
bagels,237656,2
bagels,237677,1
bagels,237723,1
bagels,237890,1
bagels,238048,1
bagels,238257,1
bagels,238307,2
bagels,238320,1
bagels,238430,1
bagels,238477,1
bagels,238495,1
bagels,238617,1
bagels,238747,1
bagels,238761,1
bagels,238912,1
bagels,238944,1
bagels,239019,1
bagels,239405,1
bagels,239550,2
bagels,239580,1
bagels,239583,1
bagels,239688,1
bagels,239817,1
bagels,239927,2
bagels,240239,1
bagels,240747,1
bagels,240842,1
bagels,240977,1
bagels,241118,1
bagels,241229,1
bagels,241257,1
bagels,241518,1
bagels,241581,1
bagels,242224,1
bagels,242236,1
bagels,242415,1
bagels,242840,1
bagels,243039,1
bagels,243464,1
bagels,243577,1
bagels,243970,1
bagels,244346,1
bagels,244419,1
bagels,244558,1
bagels,244838,1
bagels,244921,1
bagels,244924,1
bagels,245249,1
bagels,245490,1
bagels,245546,1
bagels,246631,2
bagels,246696,1
bagels,246730,1
bagels,246916,1
bagels,247021,2
bagels,247468,1
bagels,248188,1
bagels,248223,1
bagels,248321,1
bagels,248532,2
bagels,248739,1
bagels,248776,1
bagels,249287,1
bagels,249424,1
bagels,249477,2
bagels,250309,1
bagels,250585,1
bagels,250595,1
bagels,250699,1
bagels,250749,1
bagels,250777,1
bagels,250823,1
bagels,250834,2
bagels,251194,1
bagels,251547,1
bagels,251742,1
bagels,251859,1
bagels,251955,2
bagels,252080,1
bagels,252091,1
bagels,252353,1
bagels,252427,1
bagels,252635,1
bagels,252772,1
bagels,252793,1
bagels,252975,1
bagels,253001,1
bagels,253084,1
bagels,253113,1
bagels,253197,2
bagels,253408,1
bagels,253830,1
bagels,254028,1
bagels,254030,1
bagels,254495,1
bagels,254534,1
bagels,254603,1
bagels,254748,1
bagels,254934,1
bagels,254954,1
bagels,255546,1
bagels,255627,1
bagels,255878,1
bagels,255890,1
bagels,255977,1
bagels,256451,1
bagels,256753,1
bagels,256784,2
bagels,256808,1
bagels,256973,1
bagels,257162,1
bagels,257354,1
bagels,257507,1
bagels,258427,1
bagels,258828,1
bagels,259477,1
bagels,259494,1
bagels,259979,1
bagels,259999,1
bagels,260459,1
bagels,260592,1
bagels,260598,1
bagels,260639,1
bagels,261139,1
bagels,261149,1
bagels,261195,1
bagels,261251,1
bagels,261546,1
bagels,261698,1
bagels,261875,1
bagels,261897,1
bagels,262080,1
bagels,262240,2
bagels,262466,1
bagels,262600,1
bagels,263244,1
bagels,263556,1
bagels,263818,1
bagels,264265,1
bagels,264335,2
bagels,264341,1
bagels,264696,1
bagels,265022,1
bagels,265059,1
bagels,265215,1
bagels,265462,1
bagels,265504,1
bagels,265918,1
bagels,266068,1
bagels,266132,1
bagels,266137,1
bagels,266181,1
bagels,266394,1
bagels,266547,1
bagels,266953,1
bagels,267007,1
bagels,267058,1
bagels,267067,2
bagels,267510,1
bagels,267640,1
bagels,267659,2
bagels,267905,1
bagels,268029,1
bagels,268331,2
bagels,268439,1
bagels,268466,1
bagels,268490,1
bagels,268767,2
bagels,268779,1
bagels,268806,1
bagels,268870,1
bagels,268905,1
bagels,268932,1
bagels,269117,1
bagels,269277,1
bagels,269335,2
bagels,269480,1
bagels,269487,1
bagels,269559,1
bagels,269704,2
bagels,269931,1
bagels,269952,1
bagels,270361,1
bagels,270479,1
bagels,270713,1
bagels,270842,1
bagels,271228,1
bagels,271268,1
bagels,271313,1
bagels,271479,1
bagels,271509,1
bagels,271643,1
bagels,271677,2
bagels,271716,1
bagels,271721,1
bagels,271759,1
bagels,272292,1
bagels,272349,1
bagels,272411,1
bagels,272738,1
bagels,273019,1
bagels,273283,1
bagels,273368,1
bagels,273461,1
bagels,273482,1
bagels,273613,2
bagels,273698,1
bagels,273699,1
bagels,273918,1
bagels,274635,1
bagels,274640,1
bagels,274718,1
bagels,274832,1
bagels,274972,1
bagels,275539,2
bagels,275722,1
bagels,275825,1
bagels,276042,1
bagels,276563,2
bagels,276598,1
bagels,276687,1
bagels,276957,1
bagels,276982,1
bagels,277183,1
bagels,277471,1
bagels,277609,1
bagels,277625,1
bagels,277817,1
bagels,277923,1
bagels,277985,1
bagels,278091,1
bagels,278120,1
bagels,278200,1
bagels,278232,1
bagels,278557,1
bagels,278585,1
bagels,278680,1
bagels,278831,1
bagels,278962,1
bagels,279020,1
bagels,279064,1
bagels,279866,1
bagels,279906,1
bagels,279962,2
bagels,280174,2
bagels,280240,1
bagels,280760,1
bagels,280799,2
bagels,280933,1
bagels,281033,1
bagels,281756,1
bagels,282205,2
bagels,282239,1
bagels,282282,2
bagels,282297,1
bagels,282482,1
bagels,282564,1
bagels,282576,2
bagels,282581,1
bagels,283841,1
bagels,283862,2
bagels,284061,2
bagels,284453,1
bagels,284590,1
bagels,284767,1
bagels,284812,1
bagels,284848,1
bagels,285510,2
bagels,285550,1
bagels,285703,1
bagels,285977,1
bagels,286202,1
bagels,286431,1
bagels,286586,1
bagels,286670,1
bagels,286863,1
bagels,287004,1
bagels,287159,2
bagels,287473,1
bagels,287516,1
bagels,287624,1
bagels,287930,1
bagels,288114,1
bagels,288259,1
bagels,288581,2
bagels,288657,1
bagels,288936,1
bagels,288950,1
bagels,289104,1
bagels,289239,1
bagels,289242,1
bagels,289280,1
bagels,289331,1
bagels,289421,1
bagels,289558,1
bagels,289603,1
bagels,289752,1
bagels,290180,1
bagels,290191,1
bagels,290924,1
bagels,291037,1
bagels,291063,1
bagels,291271,1
bagels,291909,1
bagels,291929,1
bagels,291987,1
bagels,292109,2
bagels,292129,2
bagels,292259,1
bagels,292644,2
bagels,292751,1
bagels,292805,2
bagels,292861,1
bagels,293162,1
bagels,293309,1
bagels,293312,1
bagels,293497,1
bagels,293539,1
bagels,293623,1
bagels,293668,1
bagels,293883,1
bagels,293947,1
bagels,294919,1
bagels,295127,1
bagels,295176,1
bagels,295357,1
bagels,295451,1
bagels,295622,1
bagels,295769,1
bagels,296045,1
bagels,296330,1
bagels,296356,1
bagels,296388,1
bagels,296447,1
bagels,296481,1
bagels,296667,1
bagels,296746,1
bagels,296912,1
bagels,296939,1
bagels,297064,1
bagels,297283,1
bagels,297567,1
bagels,297677,1
bagels,297745,1
bagels,297874,1
bagels,297980,1
bagels,298117,1
bagels,298126,1
bagels,298174,1
bagels,298237,1
bagels,298239,1
bagels,298322,1
bagels,298473,1
bagels,298522,1
bagels,298666,2
bagels,299992,1
bagels,300282,1
bagels,300474,1
bagels,300486,1
bagels,300681,1
bagels,300691,1
bagels,300869,1
bagels,300878,1
bagels,301233,1
bagels,301709,1
bagels,301784,1
bagels,301785,1
bagels,301912,1
bagels,302021,1
bagels,302179,1
bagels,302308,1
bagels,302586,1
bagels,302800,1
bagels,302807,1
bagels,302825,1
bagels,303128,1
bagels,303334,1
bagels,303423,1
bagels,304181,1
bagels,304268,1
bagels,304277,1
bagels,304701,1
bagels,304726,1
bagels,304842,1
bagels,304894,1
bagels,304921,2
bagels,305044,1
bagels,305204,1
bagels,305224,1
bagels,305257,2
bagels,305269,1
bagels,305316,1
bagels,305408,1
bagels,305443,1
bagels,305916,3
bagels,306062,1
bagels,306145,1
bagels,306292,1
bagels,306695,2
bagels,307055,1
bagels,307144,1
bagels,307241,1
bagels,307266,1
bagels,307475,1
bagels,307754,2
bagels,308038,1
bagels,308288,1
bagels,308314,1
bagels,308364,1
bagels,308807,1
bagels,309230,1
bagels,309233,1
bagels,309728,1
bagels,309790,1
bagels,309895,1
bagels,309965,1
bagels,310196,1
bagels,310270,1
bagels,310372,1
bagels,310378,1
bagels,310619,1
bagels,310631,1
bagels,310637,1
bagels,310696,1
bagels,311260,1
bagels,311303,1
bagels,311385,1
bagels,311448,1
bagels,311797,1
bagels,312028,1
bagels,312329,1
bagels,312444,1
bagels,312697,1
bagels,312832,2
bagels,312851,1
bagels,313182,1
bagels,313248,1
bagels,313392,1
bagels,313615,1
bagels,313937,1
bagels,314011,1
bagels,314683,1
bagels,314869,1
bagels,315043,1
bagels,315045,1
bagels,315153,1
bagels,315289,1
bagels,315516,1
bagels,315535,1
bagels,315546,1
bagels,315637,2
bagels,316225,1
bagels,316390,1
bagels,316480,1
bagels,316538,1
bagels,316565,1
bagels,316622,2
bagels,316680,1
bagels,316806,1
bagels,317131,1
bagels,317362,1
bagels,317512,1
bagels,317680,1
bagels,317787,1
bagels,317854,1
bagels,317882,1
bagels,318380,2
bagels,318555,1
bagels,318762,1
bagels,319146,1
bagels,319296,3
bagels,319404,1
bagels,319407,1
bagels,319710,1
bagels,320408,1
bagels,320422,1
bagels,320649,1
bagels,321024,1
bagels,321533,1
bagels,321764,1
bagels,322058,1
bagels,322212,1
bagels,322299,1
bagels,322457,1
bagels,322727,1
bagels,322879,1
bagels,323066,1
bagels,323077,1
bagels,323303,1
bagels,323358,1
bagels,323437,1
bagels,323559,1
bagels,324499,1
bagels,324520,1
bagels,324525,1
bagels,324979,1
bagels,324997,1
bagels,325000,2
bagels,325177,1
bagels,325540,1
bagels,325570,1
bagels,325697,1
bagels,325724,1
bagels,326326,1
bagels,326494,1
bagels,326865,1
bagels,327131,1
bagels,327140,2
bagels,327186,1
bagels,327448,1
bagels,327450,1
bagels,327550,1
bagels,327996,1
bagels,328240,1
bagels,328360,1
bagels,328429,1
bagels,328747,1
bagels,328854,1
bagels,328876,1
bagels,329134,1
bagels,329319,2
bagels,329785,1
bagels,329824,1
bagels,329857,2
bagels,329881,1
bagels,329919,1
bagels,330312,1
bagels,330433,1
bagels,330961,2
bagels,330997,1
bagels,331550,1
bagels,331589,1
bagels,331729,1
bagels,332611,1
bagels,332877,1
bagels,333076,1
bagels,333371,1
bagels,333686,1
bagels,333892,1
bagels,333904,1
bagels,333998,2
bagels,334070,2
bagels,334394,2
bagels,334649,1
bagels,334664,1
bagels,335520,1
bagels,335522,1
bagels,335532,1
bagels,335680,1
bagels,335693,1
bagels,335841,1
bagels,335926,1
bagels,336032,1
bagels,336157,1
bagels,336234,1
bagels,336419,1
bagels,336424,1
bagels,336799,1
bagels,336991,1
bagels,337089,1
bagels,337175,2
bagels,337453,1
bagels,337639,1
bagels,337720,1
bagels,337954,2
bagels,338322,1
bagels,338507,1
bagels,338998,1
bagels,339182,1
bagels,339689,1
bagels,339871,1
bagels,339991,1
bagels,340116,1
bagels,340247,1
bagels,340252,1
bagels,340920,1
bagels,341095,1
bagels,341116,1
bagels,341159,1
bagels,341208,1
bagels,341544,2
bagels,342201,1
bagels,342384,1
bagels,342515,1
bagels,342641,1
bagels,342942,1
bagels,342956,1
bagels,342998,2
bagels,343135,1
bagels,343267,1
bagels,343373,2
bagels,343499,1
bagels,343618,2
bagels,343788,1
bagels,343861,1
bagels,343930,1
bagels,343951,1
bagels,344706,1
bagels,345400,1
bagels,345457,1
bagels,345787,1
bagels,345860,1
bagels,345986,1
bagels,346701,3
bagels,346712,1
bagels,346873,1
bagels,346954,1
bagels,346976,1
bagels,347061,1
bagels,347345,1
bagels,347364,1
bagels,347417,1
bagels,347557,1
bagels,347648,1
bagels,348119,1
bagels,348167,1
bagels,348227,1
bagels,348232,1
bagels,348711,1
bagels,348798,1
bagels,349306,1
bagels,349757,1
bagels,349945,1
bagels,350656,1
bagels,350873,1
bagels,351027,1
bagels,351049,1
bagels,351207,1
bagels,351254,1
bagels,351389,1
bagels,351484,1
bagels,351590,1
bagels,351707,1
bagels,351825,1
bagels,351864,1
bagels,352077,1
bagels,352200,1
bagels,352229,1
bagels,352283,1
bagels,352347,1
bagels,352906,1
bagels,352925,1
bagels,352983,1
bagels,353041,1
bagels,353216,1
bagels,353295,1
bagels,353694,1
bagels,354060,1
bagels,354207,2
bagels,354211,1
bagels,354598,1
bagels,354722,1
bagels,354782,1
bagels,355321,1
bagels,355431,1
bagels,355738,1
bagels,355829,1
bagels,356115,2
bagels,356291,1
bagels,356419,1
bagels,357010,1
bagels,357531,1
bagels,357579,1
bagels,357652,2
bagels,357880,1
bagels,358699,1
bagels,358864,1
bagels,359074,1
bagels,359124,1
bagels,359172,1
bagels,359193,2
bagels,359386,2
bagels,360095,1
bagels,360175,1
bagels,360299,1
bagels,360336,1
bagels,360462,1
bagels,360488,1
bagels,360858,1
bagels,361866,1
bagels,362183,1
bagels,362452,1
bagels,362454,1
bagels,362723,1
bagels,362761,1
bagels,362778,1
bagels,362848,1
bagels,363673,1
bagels,364216,2
bagels,364418,1
bagels,364726,1
bagels,364868,2
bagels,364871,1
bagels,364968,1
bagels,365109,1
bagels,365303,2
bagels,365584,1
bagels,365728,1
bagels,365786,1
bagels,365788,1
bagels,366002,1
bagels,366126,1
bagels,366155,2
bagels,366230,1
bagels,366618,2
bagels,366852,1
bagels,367043,2
bagels,367084,1
bagels,367154,1
bagels,367389,1
bagels,367582,2
bagels,367601,1
bagels,367635,1
bagels,367835,2
bagels,367872,2
bagels,368013,1
bagels,368401,1
bagels,368533,1
bagels,368922,1
bagels,369027,1
bagels,369159,1
bagels,369238,1
bagels,369248,1
bagels,369253,1
bagels,369513,1
bagels,369780,1
bagels,369863,1
bagels,370008,1
bagels,370051,1
bagels,370074,1
bagels,370138,1
bagels,370376,1
bagels,370379,1
bagels,370672,1
bagels,370725,1
bagels,370761,1
bagels,371343,1
bagels,371421,1
bagels,371443,1
bagels,371701,1
bagels,371891,1
bagels,372211,1
bagels,372604,1
bagels,372755,1
bagels,372840,1
bagels,373024,1
bagels,373168,1
bagels,373378,1
bagels,373571,1
bagels,373788,1
bagels,373839,1
bagels,374012,1
bagels,374282,1
bagels,374443,1
bagels,374479,1
bagels,374608,1
bagels,374634,1
bagels,374868,1
bagels,375002,1
bagels,375387,1
bagels,375443,2
bagels,375607,1
bagels,375696,1
bagels,375895,1
bagels,376105,1
bagels,376308,2
bagels,376314,1
bagels,376435,1
bagels,376468,1
bagels,376702,2
bagels,376764,1
bagels,377108,1
bagels,377284,1
bagels,377320,1
bagels,377354,1
bagels,377451,1
bagels,377887,1
bagels,377997,1
bagels,378138,1
bagels,378436,1
bagels,378442,1
bagels,378567,1
bagels,378945,1
bagels,378981,1
bagels,378983,1
bagels,379372,1
bagels,379778,1
bagels,379822,1
bagels,380012,1
bagels,380058,2
bagels,380551,1
bagels,380607,1
bagels,380706,1
bagels,380900,1
bagels,380930,1
bagels,381116,2
bagels,381427,1
bagels,381454,1
bagels,381743,2
bagels,381819,1
bagels,382210,1
bagels,382641,1
bagels,383513,1
bagels,383588,1
bagels,383683,1
bagels,384202,1
bagels,384258,1
bagels,384523,1
bagels,384560,2
bagels,384907,1
bagels,384935,1
bagels,384964,1
bagels,385494,1
bagels,385668,1
bagels,386056,1
bagels,386316,1
bagels,386796,1
bagels,386878,1
bagels,386957,1
bagels,387035,1
bagels,387482,1
bagels,388012,1
bagels,388149,2
bagels,388459,1
bagels,388896,1
bagels,389298,1
bagels,389343,1
bagels,389943,1
bagels,390199,1
bagels,390487,1
bagels,390592,1
bagels,390605,1
bagels,390949,1
bagels,391047,1
bagels,391596,1
bagels,391616,1
bagels,391636,1
bagels,392494,1
bagels,392645,1
bagels,392877,1
bagels,393109,2
bagels,393180,1
bagels,393183,1
bagels,393276,1
bagels,393300,1
bagels,393360,2
bagels,393442,1
bagels,393633,1
bagels,393699,1
bagels,393942,1
bagels,393981,1
bagels,394004,1
bagels,394214,1
bagels,394315,2
bagels,394348,2
bagels,394385,1
bagels,394487,1
bagels,394500,1
bagels,394717,1
bagels,394799,1
bagels,394823,1
bagels,394896,1
bagels,395265,1
bagels,395304,1
bagels,395628,1
bagels,395751,1
bagels,395819,1
bagels,396107,1
bagels,396122,1
bagels,396431,1
bagels,396792,1
bagels,396865,1
bagels,397131,1
bagels,397193,2
bagels,397623,1
bagels,397692,1
bagels,397715,1
bagels,397737,1
bagels,397858,1
bagels,397901,2
bagels,398231,1
bagels,398322,3
bagels,398430,1
bagels,398446,1
bagels,398543,1
bagels,398629,1
bagels,398990,1
bagels,399015,1
bagels,399081,1
bagels,399328,1
bagels,400321,1
bagels,400676,1
bagels,400715,1
bagels,400749,1
bagels,400829,2
bagels,400965,1
bagels,401184,2
bagels,401559,1
bagels,401593,1
bagels,401916,1
bagels,402217,2
bagels,402301,1
bagels,402466,2
bagels,402508,1
bagels,402582,1
bagels,402844,1
bagels,402966,1
bagels,403172,2
bagels,403853,2
bagels,404134,1
bagels,404174,1
bagels,404182,1
bagels,404501,1
bagels,404588,1
bagels,405195,1
bagels,405238,1
bagels,405333,1
bagels,405449,1
bagels,405485,2
bagels,405606,1
bagels,405714,1
bagels,406134,1
bagels,406189,1
bagels,406786,1
bagels,406822,2
bagels,406837,1
bagels,406957,1
bagels,407105,2
bagels,407222,1
bagels,407328,1
bagels,407349,1
bagels,407754,1
bagels,408250,1
bagels,408252,1
bagels,408663,2
bagels,409001,1
bagels,409103,1
bagels,409476,1
bagels,409508,1
bagels,409803,1
bagels,409944,1
bagels,410012,1
bagels,410034,2
bagels,410488,1
bagels,410550,1
bagels,410569,1
bagels,410613,1
bagels,410734,1
bagels,410876,1
bagels,411149,1
bagels,411159,1
bagels,412198,1
bagels,412238,1
bagels,412391,1
bagels,412681,1
bagels,412750,1
bagels,412948,1
bagels,412957,1
bagels,412985,1
bagels,412987,2
bagels,413009,1
bagels,413172,1
bagels,413236,1
bagels,413321,1
bagels,413422,1
bagels,413447,1
bagels,413486,1
bagels,413537,1
bagels,413658,1
bagels,413738,1
bagels,413916,1
bagels,414044,2
bagels,414118,1
bagels,414730,1
bagels,415170,1
bagels,415325,1
bagels,415642,1
bagels,415714,1
bagels,415751,1
bagels,416225,1
bagels,416364,1
bagels,416415,1
bagels,417046,1
bagels,417332,1
bagels,417504,1
bagels,417702,1
bagels,417798,1
bagels,417999,1
bagels,418095,1
bagels,418144,1
bagels,418515,1
bagels,418659,1
bagels,418718,1
bagels,418905,1
bagels,418979,1
bagels,419027,1
bagels,419153,1
bagels,419290,1
bagels,419315,2
bagels,419533,1
bagels,419854,1
bagels,419967,1
bagels,420183,1
bagels,420203,1
bagels,420256,1
bagels,420335,1
bagels,420413,1
bagels,420625,1
bagels,420656,1
bagels,420832,2
bagels,421126,3
bagels,421231,1
bagels,421288,2
bagels,421308,1
bagels,421921,1
bagels,422181,2
bagels,422571,1
bagels,422903,1
bagels,423154,1
bagels,423287,1
bagels,423623,1
bagels,423633,1
bagels,423923,1
bagels,423932,1
bagels,424027,1
bagels,424047,1
bagels,424201,1
bagels,424341,2
bagels,424474,1
bagels,424513,1
bagels,424695,1
bagels,425011,1
bagels,425060,1
bagels,425159,1
bagels,425319,1
bagels,425599,1
bagels,425637,1
bagels,425693,1
bagels,425938,1
bagels,426157,1
bagels,426605,1
bagels,426799,1
bagels,426847,1
bagels,427159,1
bagels,427197,1
bagels,427273,1
bagels,427360,1
bagels,427399,1
bagels,427643,1
bagels,427707,1
bagels,428045,1
bagels,428205,1
bagels,428297,2
bagels,428569,1
bagels,428715,1
bagels,428729,1
bagels,429193,1
bagels,429455,1
bagels,430062,1
bagels,430301,1
bagels,430425,2
bagels,430604,1
bagels,430712,1
bagels,430849,1
bagels,431111,1
bagels,431128,1
bagels,431188,1
bagels,431860,1
bagels,431890,2
bagels,432509,1
bagels,432561,1
bagels,432680,1
bagels,432935,1
bagels,433039,1
bagels,433389,1
bagels,433439,1
bagels,433507,1
bagels,433518,1
bagels,433831,1
bagels,433940,1
bagels,434170,1
bagels,434383,2
bagels,434414,1
bagels,434552,1
bagels,434679,1
bagels,434792,1
bagels,434809,1
bagels,434868,1
bagels,435408,1
bagels,435544,1
bagels,435933,1
bagels,436011,1
bagels,436123,1
bagels,436375,1
bagels,436745,1
bagels,436868,1
bagels,437395,2
bagels,437461,1
bagels,437917,1
bagels,437955,1
bagels,438393,2
bagels,438397,1
bagels,439151,1
bagels,439232,1
bagels,439541,1
bagels,440083,1
bagels,440376,1
bagels,440722,1
bagels,440899,1
bagels,440941,2
bagels,441177,1
bagels,441283,1
bagels,441422,1
bagels,441558,1
bagels,442381,1
bagels,442759,1
bagels,442832,1
bagels,442842,1
bagels,442925,1
bagels,443205,1
bagels,443435,1
bagels,443523,1
bagels,443917,1
bagels,444098,2
bagels,444108,1
bagels,444272,1
bagels,444416,1
bagels,444436,1
bagels,444796,1
bagels,445095,1
bagels,445179,1
bagels,445261,1
bagels,445291,1
bagels,445619,1
bagels,445737,1
bagels,445851,1
bagels,446051,1
bagels,446422,1
bagels,446440,1
bagels,446655,2
bagels,446800,1
bagels,446902,1
bagels,446950,1
bagels,447203,1
bagels,447358,2
bagels,447388,1
bagels,447882,1
bagels,447936,1
bagels,447983,2
bagels,448036,1
bagels,448218,1
bagels,448359,1
bagels,448648,1
bagels,448781,1
bagels,449113,1
bagels,449170,2
bagels,449385,1
bagels,450238,1
bagels,450298,1
bagels,450360,1
bagels,450482,1
bagels,450837,1
bagels,451145,1
bagels,451221,1
bagels,451303,1
bagels,451402,1
bagels,451651,1
bagels,451654,1
bagels,451869,1
bagels,452022,1
bagels,452112,1
bagels,452117,1
bagels,452318,1
bagels,452529,1
bagels,452980,2
bagels,453001,1
bagels,453019,1
bagels,453021,1
bagels,453075,1
bagels,453480,1
bagels,453634,1
bagels,453662,1
bagels,453717,1
bagels,453729,1
bagels,454077,1
bagels,454603,1
bagels,454621,1
bagels,454693,1
bagels,454695,1
bagels,454698,1
bagels,455102,1
bagels,455515,1
bagels,455758,1
bagels,455791,1
bagels,455819,1
bagels,456030,1
bagels,456053,1
bagels,456253,1
bagels,456526,2
bagels,456568,1
bagels,457013,1
bagels,457726,1
bagels,457866,1
bagels,457878,1
bagels,457887,1
bagels,457888,1
bagels,457995,1
bagels,458232,2
bagels,458358,1
bagels,458393,1
bagels,458436,1
bagels,458527,1
bagels,458690,1
bagels,458989,1
bagels,459002,1
bagels,459312,1
bagels,459526,1
bagels,459552,1
bagels,459725,1
bagels,459752,1
bagels,459980,1
bagels,460181,1
bagels,460721,1
bagels,461033,1
bagels,461248,1
bagels,461401,1
bagels,461572,2
bagels,461820,1
bagels,462128,1
bagels,462697,1
bagels,463073,1
bagels,463192,1
bagels,463468,1
bagels,463816,1
bagels,463823,1
bagels,463846,1
bagels,463853,1
bagels,464083,1
bagels,464636,1
bagels,464785,1
bagels,464897,1
bagels,464928,1
bagels,464996,1
bagels,465378,1
bagels,465589,1
bagels,465684,1
bagels,465871,1
bagels,466014,1
bagels,466504,1
bagels,466762,1
bagels,466774,1
bagels,466952,1
bagels,466976,1
bagels,467058,2
bagels,467200,1
bagels,467594,1
bagels,467705,1
bagels,467853,1
bagels,467943,1
bagels,468027,1
bagels,468066,1
bagels,468150,2
bagels,468227,1
bagels,468254,1
bagels,468269,1
bagels,468277,1
bagels,468725,1
bagels,468983,1
bagels,469460,1
bagels,469592,1
bagels,469852,1
bagels,469900,1
bagels,470020,2
bagels,470172,1
bagels,470727,1
bagels,470810,1
bagels,470819,1
bagels,470850,1
bagels,471213,1
bagels,471297,1
bagels,471762,1
bagels,472114,1
bagels,472396,1
bagels,473061,1
bagels,473451,2
bagels,473851,1
bagels,474125,1
bagels,474427,1
bagels,474866,1
bagels,475045,1
bagels,475085,1
bagels,475126,1
bagels,475172,1
bagels,475421,1
bagels,475833,1
bagels,475899,1
bagels,475993,1
bagels,476193,1
bagels,476227,1
bagels,476866,1
bagels,477136,1
bagels,477255,1
bagels,477292,1
bagels,477409,1
bagels,477733,1
bagels,477856,1
bagels,477967,1
bagels,478128,1
bagels,478139,1
bagels,478244,1
bagels,478406,1
bagels,478407,1
bagels,478446,1
bagels,478598,1
bagels,478780,2
bagels,478933,1
bagels,479179,1
bagels,479272,1
bagels,479331,1
bagels,479370,1
bagels,479452,1
bagels,479858,1
bagels,480100,1
bagels,480115,1
bagels,480609,1
bagels,480788,1
bagels,480828,2
bagels,481103,1
bagels,481210,1
bagels,481286,1
bagels,481391,1
bagels,481741,1
bagels,481955,1
bagels,482343,1
bagels,482712,1
bagels,482779,1
bagels,483408,2
bagels,484011,1
bagels,484014,1
bagels,484055,2
bagels,484573,1
bagels,484834,1
bagels,485019,1
bagels,485208,1
bagels,485330,1
bagels,485901,1
bagels,486123,1
bagels,486138,1
bagels,486355,1
bagels,487107,1
bagels,487129,1
bagels,487131,1
bagels,487607,1
bagels,487795,1
bagels,487861,1
bagels,488459,1
bagels,488547,1
bagels,488608,1
bagels,488803,1
bagels,489063,2
bagels,489106,1
bagels,489125,1
bagels,489216,1
bagels,489226,1
bagels,489311,2
bagels,489336,2
bagels,489380,1
bagels,489437,1
bagels,489618,1
bagels,489729,1
bagels,489947,2
bagels,490018,1
bagels,490181,1
bagels,490254,1
bagels,490301,1
bagels,490576,1
bagels,490774,1
bagels,490912,2
bagels,491022,1
bagels,491477,1
bagels,491578,1
bagels,491729,1
bagels,491811,2
bagels,492359,1
bagels,492459,1
bagels,492598,1
bagels,492714,1
bagels,492743,2
bagels,492981,1
bagels,493003,1
bagels,493078,1
bagels,493136,3
bagels,493256,1
bagels,493276,1
bagels,493373,1
bagels,493506,1
bagels,493572,1
bagels,494124,1
bagels,494394,1
bagels,494424,1
bagels,494520,1
bagels,494830,1
bagels,494933,1
bagels,495414,1
bagels,495572,1
bagels,495723,1
bagels,496011,1
bagels,496139,1
bagels,496191,1
bagels,496360,1
bagels,496432,1
bagels,496457,1
bagels,496553,1
bagels,496564,1
bagels,497016,1
bagels,497153,1
bagels,497265,1
bagels,497304,1
bagels,497529,1
bagels,497616,1
bagels,497726,1
bagels,497736,1
bagels,497978,1
bagels,498140,1
bagels,498430,1
bagels,498652,2
bagels,499395,1
bagels,499667,2
bagels,499709,2
bagels,499713,1
bagels,499802,1
bagels,499856,1
bagels,500141,1
bagels,500447,2
bagels,500640,1
bagels,501079,1
bagels,501219,1
bagels,501313,1
bagels,501394,1
bagels,501469,1
bagels,501589,3
bagels,501595,1
bagels,501969,1
bagels,502143,1
bagels,502157,1
bagels,502430,1
bagels,502434,1
bagels,502889,1
bagels,503133,1
bagels,503221,2
bagels,503628,1
bagels,503779,1
bagels,504054,1
bagels,504107,2
bagels,504165,1
bagels,504208,1
bagels,504530,1
bagels,504763,1
bagels,504872,1
bagels,504975,1
bagels,504998,1
bagels,505265,2
bagels,505400,1
bagels,505661,1
bagels,505749,1
bagels,505936,2
bagels,505944,1
bagels,505947,1
bagels,506357,1
bagels,506387,1
bagels,506573,1
bagels,507056,2
bagels,507360,1
bagels,507414,1
bagels,507532,1
bagels,507709,1
bagels,507847,1
bagels,507875,1
bagels,508376,1
bagels,509055,1
bagels,509356,1
bagels,509415,1
bagels,510001,1
bagels,510003,1
bagels,510142,1
bagels,510192,1
bagels,510196,1
bagels,510521,1
bagels,510678,1
bagels,510802,1
bagels,511018,1
bagels,511101,1
bagels,511107,1
bagels,511158,1
bagels,511245,1
bagels,511577,1
bagels,511731,1
bagels,511872,1
bagels,511973,1
bagels,511992,1
bagels,512045,1
bagels,512078,1
bagels,512444,1
bagels,512536,1
bagels,512741,1
bagels,512895,1
bagels,512981,2
bagels,512985,1
bagels,512991,1
bagels,513031,1
bagels,513034,1
bagels,513522,1
bagels,513578,1
bagels,513650,2
bagels,513744,2
bagels,513855,1
bagels,513945,1
bagels,513961,2
bagels,514156,1
bagels,514560,1
bagels,514564,1
bagels,514634,1
bagels,514720,1
bagels,514785,1
bagels,514881,1
bagels,515124,1
bagels,515180,1
bagels,515256,1
bagels,515341,1
bagels,515764,1
bagels,516031,1
bagels,516156,1
bagels,516186,1
bagels,516402,1
bagels,516672,1
bagels,516882,1
bagels,517171,1
bagels,517460,1
bagels,517744,1
bagels,518099,2
bagels,518530,1
bagels,518548,1
bagels,518659,1
bagels,519003,1
bagels,519217,1
bagels,519395,2
bagels,519686,1
bagels,519763,1
bagels,519798,1
bagels,519925,1
bagels,519973,1
bagels,519989,2
bagels,520150,1
bagels,520201,1
bagels,520322,1
bagels,520465,1
bagels,520523,1
bagels,521309,1
bagels,521862,1
bagels,522190,1
bagels,522728,1
bagels,523184,1
bagels,523705,2
bagels,523844,2
bagels,523956,1
bagels,523961,1
bagels,524009,1
bagels,524110,1
bagels,524853,1
bagels,524967,1
bagels,524971,1
bagels,525594,1
bagels,525617,1
bagels,525629,1
bagels,525660,1
bagels,526356,1
bagels,526397,2
bagels,526541,1
bagels,526612,1
bagels,526680,1
bagels,526871,1
bagels,527123,1
bagels,527144,2
bagels,527166,1
bagels,527240,1
bagels,527277,1
bagels,527384,1
bagels,527453,1
bagels,527735,1
bagels,527845,1
bagels,527985,1
bagels,528052,1
bagels,528404,1
bagels,528416,1
bagels,528456,2
bagels,528713,1
bagels,528813,1
bagels,529257,2
bagels,529317,1
bagels,529420,1
bagels,529579,1
bagels,529856,1
bagels,529990,1
bagels,530043,1
bagels,530067,1
bagels,530186,2
bagels,530215,1
bagels,530347,1
bagels,530489,2
bagels,530934,1
bagels,531270,1
bagels,531315,2
bagels,531925,1
bagels,532376,1
bagels,532865,1
bagels,532900,2
bagels,532902,1
bagels,533452,1
bagels,533542,1
bagels,533810,1
bagels,533874,1
bagels,533984,1
bagels,534374,1
bagels,534473,1
bagels,534745,1
bagels,534773,1
bagels,534774,1
bagels,534847,1
bagels,535035,1
bagels,535117,1
bagels,535161,1
bagels,535322,1
bagels,535327,1
bagels,535383,1
bagels,535694,1
bagels,535974,1
bagels,536143,1
bagels,536277,1
bagels,536581,1
bagels,537067,1
bagels,537317,1
bagels,537340,1
bagels,537513,1
bagels,537607,1
bagels,538039,1
bagels,538055,1
bagels,538063,1
bagels,538173,1
bagels,538203,1
bagels,538328,1
bagels,538449,2
bagels,538634,1
bagels,538797,1
bagels,538981,1
bagels,539023,1
bagels,539145,1
bagels,539834,1
bagels,539975,1
bagels,540118,1
bagels,540182,2
bagels,540199,1
bagels,540483,3
bagels,540512,1
bagels,540618,1
bagels,540666,1
bagels,540884,1
bagels,540987,1
bagels,541289,1
bagels,541293,1
bagels,541430,1
bagels,541971,1
bagels,542249,2
bagels,542323,1
bagels,542471,1
bagels,542854,1
bagels,543048,1
bagels,543214,1
bagels,543540,1
bagels,543604,1
bagels,543619,2
bagels,543866,1
bagels,544069,1
bagels,544225,2
bagels,544653,1
bagels,544923,1
bagels,545015,1
bagels,545043,1
bagels,545085,1
bagels,545108,1
bagels,545544,1
bagels,545732,1
bagels,545865,1
bagels,546050,1
bagels,546166,1
bagels,546208,1
bagels,546582,1
bagels,546782,1
bagels,546923,1
bagels,547970,1
bagels,548193,1
bagels,548288,1
bagels,548531,1
bagels,548783,1
bagels,549352,1
bagels,549506,1
bagels,549543,1
bagels,549717,2
bagels,549901,1
bagels,550003,2
bagels,550099,1
bagels,550218,1
bagels,550547,1
bagels,550777,1
bagels,550792,1
bagels,550923,1
bagels,550954,1
bagels,551217,2
bagels,551373,1
bagels,551682,1
bagels,551730,1
bagels,552068,1
bagels,552211,1
bagels,552417,2
bagels,552804,2
bagels,552812,1
bagels,552958,1
bagels,553076,1
bagels,553370,1
bagels,553788,1
bagels,553840,1
bagels,553868,1
bagels,554294,1
bagels,554438,2
bagels,554441,1
bagels,554479,1
bagels,554524,1
bagels,554699,1
bagels,555358,1
bagels,555702,1
bagels,555872,1
bagels,555893,1
bagels,556634,1
bagels,556963,1
bagels,557085,1
bagels,557088,1
bagels,557099,2
bagels,557284,1
bagels,557449,1
bagels,557611,1
bagels,557843,1
bagels,558131,1
bagels,558663,1
bagels,558950,1
bagels,559469,1
bagels,559529,1
bagels,559677,1
bagels,559953,1
bagels,560395,1
bagels,560407,1
bagels,560727,1
bagels,560934,1
bagels,561047,1
bagels,561110,1
bagels,561211,1
bagels,561371,1
bagels,561874,1
bagels,562132,1
bagels,562255,1
bagels,562538,1
bagels,562596,1
bagels,562854,1
bagels,562922,1
bagels,563312,2
bagels,563561,1
bagels,563568,2
bagels,563767,1
bagels,563879,1
bagels,564075,1
bagels,564282,1
bagels,564343,1
bagels,564440,1
bagels,564756,1
bagels,564901,1
bagels,565212,1
bagels,565530,1
bagels,565577,1
bagels,565612,1
bagels,565854,1
bagels,566140,1
bagels,566249,1
bagels,566632,1
bagels,566755,1
bagels,567232,2
bagels,567474,1
bagels,567515,1
bagels,567923,2
bagels,568415,1
bagels,568503,1
bagels,568782,1
bagels,569009,1
bagels,569044,1
bagels,569062,2
bagels,569370,1
bagels,569387,1
bagels,569583,1
bagels,569676,1
bagels,569715,1
bagels,570017,1
bagels,570457,1
bagels,570548,1
bagels,570830,1
bagels,571031,1
bagels,571235,1
bagels,571583,2
bagels,571764,2
bagels,571941,1
bagels,572016,1
bagels,572212,2
bagels,572768,1
bagels,573048,1
bagels,573071,1
bagels,573481,1
bagels,573547,1
bagels,573573,1
bagels,573809,1
bagels,573818,1
bagels,574348,1
bagels,574802,2
bagels,574821,1
bagels,575081,1
bagels,575166,1
bagels,575180,1
bagels,575479,1
bagels,575951,1
bagels,575961,1
bagels,576363,1
bagels,576406,1
bagels,576453,1
bagels,576725,1
bagels,576989,1
bagels,577000,1
bagels,577015,1
bagels,577052,1
bagels,577116,1
bagels,577135,1
bagels,577340,1
bagels,577494,1
bagels,577500,1
bagels,577552,1
bagels,577635,2
bagels,577673,2
bagels,577783,2
bagels,577990,1
bagels,578202,2
bagels,578216,1
bagels,578310,1
bagels,578380,1
bagels,578555,1
bagels,578629,1
bagels,578723,1
bagels,579264,1
bagels,579338,1
bagels,579578,1
bagels,579719,1
bagels,579996,1
bagels,580239,1
bagels,580266,1
bagels,580301,1
bagels,580451,1
bagels,580471,1
bagels,580534,1
bagels,581573,1
bagels,581598,1
bagels,581720,1
bagels,581769,1
bagels,582140,1
bagels,582243,1
bagels,582295,1
bagels,582834,1
bagels,582992,1
bagels,583075,1
bagels,583212,1
bagels,583274,1
bagels,583370,1
bagels,583492,1
bagels,583574,1
bagels,583734,1
bagels,584005,1
bagels,584253,1
bagels,584269,1
bagels,584848,1
bagels,584899,1
bagels,585409,1
bagels,585685,1
bagels,585769,1
bagels,585805,1
bagels,585945,1
bagels,586302,1
bagels,586769,1
bagels,587146,1
bagels,587211,1
bagels,587279,1
bagels,587677,1
bagels,588152,2
bagels,588236,1
bagels,588361,1
bagels,588368,1
bagels,588624,1
bagels,588870,1
bagels,589049,1
bagels,589663,1
bagels,589751,1
bagels,589807,1
bagels,589814,1
bagels,590282,1
bagels,590573,1
bagels,590955,1
bagels,591222,1
bagels,591320,1
bagels,591369,1
bagels,591753,1
bagels,591787,1
bagels,591918,1
bagels,592109,1
bagels,592520,1
bagels,592604,1
bagels,592764,1
bagels,592876,1
bagels,593439,1
bagels,593480,1
bagels,593507,1
bagels,593743,1
bagels,593848,1
bagels,593963,1
bagels,594094,1
bagels,594161,1
bagels,594761,1
bagels,594847,1
bagels,594935,1
bagels,595368,1
bagels,595382,1
bagels,595606,1
bagels,595608,1
bagels,595668,1
bagels,595817,1
bagels,595923,1
bagels,596352,1
bagels,596368,1
bagels,596589,1
bagels,596699,1
bagels,596747,1
bagels,596854,1
bagels,596927,1
bagels,597069,1
bagels,597338,1
bagels,597441,1
bagels,598113,1
bagels,598276,1
bagels,598324,1
bagels,598372,1
bagels,598407,1
bagels,598477,1
bagels,598528,1
bagels,598591,1
bagels,598738,1
bagels,599118,1
bagels,599172,3
bagels,599499,2
bagels,599604,1
bagels,599850,1
bagels,600135,2
bagels,600143,1
bagels,600959,2
bagels,601206,1
bagels,601234,2
bagels,601242,1
bagels,601445,1
bagels,601454,1
bagels,601694,2
bagels,602000,2
bagels,602225,1
bagels,602239,1
bagels,602695,1
bagels,602778,2
bagels,603271,1
bagels,603457,1
bagels,603573,1
bagels,603673,1
bagels,603844,1
bagels,603878,3
bagels,604145,1
bagels,604787,2
bagels,604857,1
bagels,604911,1
bagels,605096,1
bagels,605213,1
bagels,605281,1
bagels,605311,1
bagels,605856,1
bagels,606263,1
bagels,606481,1
bagels,606491,1
bagels,607221,1
bagels,607248,1
bagels,607306,1
bagels,607857,1
bagels,607927,1
bagels,607975,1
bagels,608050,1
bagels,608149,1
bagels,608248,1
bagels,608318,1
bagels,608471,1
bagels,608741,1
bagels,609128,1
bagels,609250,1
bagels,609258,1
bagels,609287,1
bagels,609358,1
bagels,610512,1
bagels,610528,1
bagels,610580,1
bagels,610709,1
bagels,610775,1
bagels,610905,1
bagels,611025,1
bagels,611064,1
bagels,611095,1
bagels,611209,1
bagels,611278,1
bagels,611650,1
bagels,611671,1
bagels,611893,1
bagels,612225,1
bagels,612664,1
bagels,612711,1
bagels,612823,1
bagels,613457,1
bagels,613838,1
bagels,613884,1
bagels,613893,2
bagels,614033,2
bagels,614229,1
bagels,614476,1
bagels,614642,1
bagels,614755,1
bagels,614979,1
bagels,615265,1
bagels,615523,2
bagels,615673,1
bagels,615726,1
bagels,615993,3
bagels,616223,1
bagels,616451,1
bagels,616469,1
bagels,616497,2
bagels,616989,1
bagels,617873,1
bagels,618325,2
bagels,618371,1
bagels,618650,1
bagels,618756,1
bagels,618804,1
bagels,619072,1
bagels,619251,1
bagels,619259,1
bagels,619386,1
bagels,619414,1
bagels,619737,1
bagels,620076,1
bagels,620736,1
bagels,621317,1
bagels,621403,2
bagels,621622,1
bagels,621819,1
bagels,622793,2
bagels,623011,2
bagels,623227,1
bagels,623595,1
bagels,623791,1
bagels,623861,1
bagels,624053,1
bagels,624060,1
bagels,624281,1
bagels,624518,1
bagels,624756,2
bagels,624954,1
bagels,624959,1
bagels,625183,1
bagels,625226,1
bagels,625582,1
bagels,626034,1
bagels,627047,1
bagels,627220,2
bagels,627243,1
bagels,627481,1
bagels,627615,1
bagels,627886,1
bagels,627936,1
bagels,627939,1
bagels,628356,1
bagels,628378,1
bagels,628658,1
bagels,628695,2
bagels,629007,1
bagels,629165,1
bagels,629302,1
bagels,629464,1
bagels,629884,1
bagels,629904,1
bagels,630180,1
bagels,630799,1
bagels,630943,1
bagels,630954,2
bagels,630974,1
bagels,631066,1
bagels,631388,1
bagels,631592,1
bagels,631637,1
bagels,632518,1
bagels,632765,1
bagels,632803,1
bagels,632965,1
bagels,633015,1
bagels,633591,1
bagels,633805,1
bagels,633959,1
bagels,634231,1
bagels,634470,2
bagels,634641,1
bagels,634803,1
bagels,634822,2
bagels,635135,1
bagels,635240,2
bagels,635532,1
bagels,635678,1
bagels,635800,1
bagels,635924,2
bagels,635939,1
bagels,636295,1
bagels,636922,1
bagels,637375,1
bagels,637412,1
bagels,637440,1
bagels,637565,1
bagels,637985,1
bagels,638035,1
bagels,638139,1
bagels,638451,1
bagels,638520,1
bagels,638764,1
bagels,638845,1
bagels,639319,1
bagels,639323,1
bagels,639360,2
bagels,639754,1
bagels,639837,1
bagels,639884,1
bagels,640399,1
bagels,640423,2
bagels,640507,1
bagels,640633,1
bagels,641156,1
bagels,641184,1
bagels,641399,1
bagels,641416,2
bagels,641451,1
bagels,641724,1
bagels,641795,1
bagels,642620,1
bagels,642801,1
bagels,642937,1
bagels,643475,1
bagels,643735,1
bagels,643993,1
bagels,644245,1
bagels,644254,1
bagels,644743,1
bagels,644868,1
bagels,644954,1
bagels,645749,1
bagels,646092,1
bagels,646444,1
bagels,646595,1
bagels,646611,1
bagels,646690,2
bagels,646693,1
bagels,646997,1
bagels,647389,1
bagels,647454,1
bagels,647670,1
bagels,648080,1
bagels,648127,1
bagels,648230,3
bagels,648382,1
bagels,648462,1
bagels,649141,1
bagels,649351,1
bagels,649671,1
bagels,649790,1
bagels,649828,1
bagels,650194,2
bagels,650213,1
bagels,650331,1
bagels,650451,1
bagels,650593,1
bagels,651278,1
bagels,651302,1
bagels,651363,1
bagels,651509,1
bagels,651732,1
bagels,651766,1
bagels,651819,1
bagels,651833,1
bagels,651853,1
bagels,651858,2
bagels,651966,1
bagels,652394,1
bagels,652575,1
bagels,652743,1
bagels,653120,1
bagels,653239,1
bagels,653560,1
bagels,653659,2
bagels,653800,4
bagels,654183,1
bagels,654834,1
bagels,654884,1
bagels,655259,1
bagels,655304,1
bagels,655489,1
bagels,655779,2
bagels,655828,1
bagels,655859,2
bagels,655893,1
bagels,656621,1
bagels,656637,1
bagels,656661,1
bagels,656710,1
bagels,656834,1
bagels,657000,1
bagels,657087,1
bagels,657098,1
bagels,657260,1
bagels,657506,1
bagels,657515,1
bagels,657963,1
bagels,658170,1
bagels,658285,1
bagels,658392,1
bagels,658474,1
bagels,659192,1
bagels,659234,1
bagels,659423,1
bagels,659532,1
bagels,659641,1
bagels,659686,1
bagels,659728,1
bagels,659932,2
bagels,660176,1
bagels,660194,1
bagels,660437,1
bagels,660593,1
bagels,660679,1
bagels,660928,1
bagels,661315,1
bagels,661348,1
bagels,661559,1
bagels,661605,1
bagels,661669,1
bagels,661725,1
bagels,662636,1
bagels,662694,1
bagels,662782,1
bagels,663034,1
bagels,663057,2
bagels,663065,1
bagels,663241,1
bagels,663423,1
bagels,663512,1
bagels,663823,1
bagels,664165,1
bagels,664316,1
bagels,664348,1
bagels,664607,1
bagels,664687,1
bagels,664763,1
bagels,664864,1
bagels,665067,1
bagels,665142,1
bagels,665569,1
bagels,665793,1
bagels,665921,1
bagels,665939,1
bagels,666036,1
bagels,666214,1
bagels,666394,1
bagels,666751,1
bagels,667152,1
bagels,667299,1
bagels,667324,1
bagels,667815,1
bagels,667844,1
bagels,668170,1
bagels,668264,1
bagels,668330,1
bagels,668514,1
bagels,668572,1
bagels,668596,1
bagels,668805,1
bagels,669114,1
bagels,669122,1
bagels,669492,1
bagels,669500,1
bagels,669622,1
bagels,669771,1
bagels,669943,1
bagels,669990,1
bagels,670108,1
bagels,670361,1
bagels,670414,2
bagels,670619,1
bagels,670728,1
bagels,670956,1
bagels,671217,1
bagels,671336,2
bagels,671457,1
bagels,671463,1
bagels,671562,1
bagels,671833,1
bagels,672339,1
bagels,672409,1
bagels,672561,1
bagels,672572,2
bagels,672816,1
bagels,672978,1
bagels,673608,1
bagels,673992,1
bagels,674129,1
bagels,674220,1
bagels,674461,1
bagels,674828,1
bagels,675008,1
bagels,675323,1
bagels,675365,1
bagels,675494,1
bagels,675734,1
bagels,675836,1
bagels,676071,1
bagels,676084,1
bagels,676276,1
bagels,676381,1
bagels,676608,1
bagels,677062,1
bagels,677074,1
bagels,677253,1
bagels,677332,1
bagels,677340,1
bagels,677383,1
bagels,677543,1
bagels,677694,1
bagels,677963,1
bagels,678156,1
bagels,678186,1
bagels,678638,1
bagels,678990,1
bagels,679349,1
bagels,679358,1
bagels,679447,1
bagels,679509,1
bagels,680105,1
bagels,680202,1
bagels,680747,1
bagels,680767,1
bagels,680839,1
bagels,680896,1
bagels,680902,1
bagels,681063,1
bagels,681208,1
bagels,681419,1
bagels,681854,1
bagels,682718,1
bagels,682781,1
bagels,682793,2
bagels,683298,2
bagels,683569,1
bagels,683727,1
bagels,684043,1
bagels,684121,1
bagels,684485,1
bagels,684639,1
bagels,684697,1
bagels,684789,1
bagels,684936,1
bagels,685231,1
bagels,685255,1
bagels,685307,1
bagels,685350,1
bagels,685368,1
bagels,685701,1
bagels,685944,1
bagels,685997,1
bagels,686213,1
bagels,686273,1
bagels,686313,1
bagels,686594,1
bagels,686758,1
bagels,687014,1
bagels,687400,2
bagels,687481,1
bagels,687576,1
bagels,687616,1
bagels,687662,1
bagels,687802,1
bagels,687915,2
bagels,687996,1
bagels,688204,1
bagels,688236,1
bagels,688528,1
bagels,688588,1
bagels,688732,1
bagels,688979,1
bagels,689001,1
bagels,689048,1
bagels,689079,1
bagels,689223,1
bagels,689498,1
bagels,689747,1
bagels,689773,1
bagels,690229,1
bagels,690947,1
bagels,691372,1
bagels,691374,1
bagels,691729,1
bagels,692356,2
bagels,692359,1
bagels,692475,1
bagels,692501,1
bagels,692939,1
bagels,693359,1
bagels,693855,1
bagels,693864,1
bagels,693873,2
bagels,693949,1
bagels,694315,1
bagels,694435,1
bagels,694456,2
bagels,694593,1
bagels,695034,1
bagels,695211,1
bagels,695558,1
bagels,696000,1
bagels,696479,1
bagels,696555,2
bagels,696721,1
bagels,697392,1
bagels,697431,1
bagels,697617,1
bagels,697952,1
bagels,698034,2
bagels,698037,1
bagels,698673,1
bagels,699071,1
bagels,699500,1
bagels,700371,1
bagels,700655,1
bagels,700762,1
bagels,700884,1
bagels,701818,1
bagels,702086,1
bagels,702433,1
bagels,703139,1
bagels,703271,1
bagels,703283,3
bagels,703296,1
bagels,703524,1
bagels,703686,1
bagels,703784,1
bagels,703831,1
bagels,704197,1
bagels,704217,1
bagels,704303,1
bagels,704340,1
bagels,704506,1
bagels,704830,1
bagels,705028,1
bagels,705185,1
bagels,705310,1
bagels,705714,1
bagels,706627,3
bagels,706771,1
bagels,706929,1
bagels,706992,2
bagels,707299,1
bagels,707429,1
bagels,707516,1
bagels,707856,1
bagels,707889,1
bagels,707938,1
bagels,708120,1
bagels,708213,1
bagels,708345,1
bagels,708391,1
bagels,708497,1
bagels,708559,1
bagels,708844,1
bagels,708864,1
bagels,708943,1
bagels,709625,1
bagels,709951,1
bagels,710078,1
bagels,710080,2
bagels,710382,1
bagels,710426,1
bagels,710448,1
bagels,711095,1
bagels,711118,1
bagels,711259,1
bagels,711340,1
bagels,711353,1
bagels,711538,1
bagels,711545,1
bagels,711587,1
bagels,711826,1
bagels,711841,1
bagels,711854,1
bagels,711919,2
bagels,712042,1
bagels,712205,1
bagels,712396,2
bagels,712463,2
bagels,712683,1
bagels,712895,1
bagels,712929,1
bagels,713054,1
bagels,713125,1
bagels,713342,1
bagels,713527,1
bagels,713960,1
bagels,714238,1
bagels,714413,1
bagels,714552,1
bagels,714821,1
bagels,714976,1
bagels,715216,1
bagels,715219,1
bagels,715221,1
bagels,715401,1
bagels,715497,1
bagels,715680,1
bagels,715695,1
bagels,715720,1
bagels,716271,3
bagels,716283,1
bagels,716423,1
bagels,716471,1
bagels,716751,1
bagels,716765,1
bagels,716925,1
bagels,717090,1
bagels,717622,1
bagels,717702,1
bagels,718101,1
bagels,718119,2
bagels,718363,1
bagels,718495,1
bagels,718718,1
bagels,719054,1
bagels,719194,1
bagels,719464,2
bagels,719795,1
bagels,719820,1
bagels,720068,1
bagels,720294,1
bagels,720512,1
bagels,720588,1
bagels,720663,1
bagels,720727,1
bagels,721428,1
bagels,721433,1
bagels,721749,1
bagels,722018,1
bagels,722286,2
bagels,722290,1
bagels,722362,1
bagels,722398,1
bagels,722471,1
bagels,722485,1
bagels,722795,2
bagels,723012,1
bagels,723164,2
bagels,723475,1
bagels,723548,1
bagels,723573,1
bagels,723594,1
bagels,723873,1
bagels,724100,1
bagels,724109,1
bagels,724181,1
bagels,724213,1
bagels,724268,1
bagels,724309,1
bagels,724405,1
bagels,724551,1
bagels,725205,1
bagels,725213,1
bagels,725248,1
bagels,725384,1
bagels,725413,1
bagels,725909,1
bagels,725916,1
bagels,726253,2
bagels,726514,1
bagels,726553,1
bagels,726709,1
bagels,726848,1
bagels,726946,1
bagels,727348,1
bagels,727531,1
bagels,727548,1
bagels,727717,1
bagels,727749,1
bagels,728016,1
bagels,728378,1
bagels,728584,1
bagels,728668,1
bagels,728958,1
bagels,729170,1
bagels,729291,1
bagels,729300,1
bagels,730032,2
bagels,730060,1
bagels,730608,1
bagels,731116,1
bagels,731296,1
bagels,731383,1
bagels,731657,1
bagels,731839,1
bagels,731861,1
bagels,731885,1
bagels,732125,1
bagels,732168,1
bagels,732228,1
bagels,732483,1
bagels,732579,2
bagels,732971,1
bagels,733118,1
bagels,733276,1
bagels,733349,1
bagels,733764,1
bagels,733797,1
bagels,734551,1
bagels,735124,2
bagels,735214,1
bagels,735416,1
bagels,735519,1
bagels,735524,1
bagels,735875,1
bagels,735912,1
bagels,735933,1
bagels,736090,2
bagels,736609,1
bagels,736633,1
bagels,736676,1
bagels,736840,2
bagels,737297,1
bagels,737310,1
bagels,737446,1
bagels,737567,1
bagels,737637,1
bagels,737662,1
bagels,737770,1
bagels,737999,1
bagels,738760,1
bagels,738779,1
bagels,739031,2
bagels,739162,1
bagels,739492,1
bagels,739745,1
bagels,739776,1
bagels,739894,1
bagels,740054,1
bagels,740090,1
bagels,740163,1
bagels,740178,1
bagels,740722,1
bagels,741054,2
bagels,741142,1
bagels,741283,1
bagels,741404,1
bagels,741810,1
bagels,741857,2
bagels,741970,1
bagels,741972,2
bagels,742052,1
bagels,742119,1
bagels,742148,1
bagels,742193,1
bagels,742421,1
bagels,742632,1
bagels,742731,2
bagels,742738,3
bagels,742897,1
bagels,742916,2
bagels,743141,1
bagels,743241,1
bagels,743501,1
bagels,743940,1
bagels,743964,1
bagels,744067,1
bagels,744271,1
bagels,744383,1
bagels,744542,1
bagels,744665,1
bagels,744975,1
bagels,745252,1
bagels,745294,1
bagels,745303,2
bagels,745391,1
bagels,745575,1
bagels,745655,2
bagels,745944,1
bagels,746105,1
bagels,746391,1
bagels,746707,1
bagels,746743,1
bagels,746976,1
bagels,747029,2
bagels,747033,1
bagels,747158,1
bagels,747182,1
bagels,747218,1
bagels,747410,1
bagels,747412,1
bagels,747586,1
bagels,747757,1
bagels,748228,1
bagels,748321,1
bagels,748500,1
bagels,748635,1
bagels,748913,1
bagels,748951,1
bagels,749068,1
bagels,749242,1
bagels,749418,1
bagels,749603,1
bagels,749752,1
bagels,749946,2
bagels,750053,1
bagels,750425,2
bagels,750541,2
bagels,751143,1
bagels,751389,1
bagels,751396,1
bagels,751452,1
bagels,751540,2
bagels,751946,1
bagels,752708,1
bagels,753574,1
bagels,753947,1
bagels,754238,1
bagels,754495,1
bagels,754512,1
bagels,754583,1
bagels,755104,1
bagels,755889,1
bagels,756022,1
bagels,756112,1
bagels,756503,1
bagels,756529,1
bagels,756640,1
bagels,756658,1
bagels,756775,2
bagels,757032,1
bagels,757276,1
bagels,757473,1
bagels,757476,1
bagels,757479,1
bagels,757494,1
bagels,757802,1
bagels,757811,1
bagels,758277,1
bagels,758344,1
bagels,758764,1
bagels,758772,1
bagels,758970,1
bagels,759009,1
bagels,759205,1
bagels,759555,1
bagels,759622,1
bagels,759790,1
bagels,760276,1
bagels,760452,1
bagels,760706,1
bagels,760796,1
bagels,760988,1
bagels,761232,1
bagels,761295,1
bagels,761520,2
bagels,761970,1
bagels,762076,1
bagels,762120,1
bagels,762537,1
bagels,762592,1
bagels,762845,2
bagels,763285,1
bagels,763895,1
bagels,764398,3
bagels,764582,1
bagels,764759,1
bagels,765273,1
bagels,765284,2
bagels,765652,1
bagels,765694,1
bagels,765750,1
bagels,766409,1
bagels,766705,1
bagels,767563,2
bagels,767690,1
bagels,767795,1
bagels,767843,2
bagels,768907,1
bagels,768943,1
bagels,768960,2
bagels,769224,1
bagels,769487,1
bagels,769654,1
bagels,769729,1
bagels,769817,1
bagels,769993,1
bagels,770200,1
bagels,770235,1
bagels,770322,1
bagels,770621,1
bagels,770711,1
bagels,770867,2
bagels,771062,1
bagels,771247,1
bagels,771282,1
bagels,771676,1
bagels,771716,1
bagels,772027,1
bagels,772448,1
bagels,772470,1
bagels,772484,1
bagels,773415,1
bagels,773419,1
bagels,773768,1
bagels,774055,1
bagels,774160,1
bagels,774559,1
bagels,775042,1
bagels,775083,1
bagels,775344,1
bagels,775425,1
bagels,775561,1
bagels,775897,1
bagels,776190,1
bagels,776567,1
bagels,776587,1
bagels,776774,1
bagels,777161,1
bagels,777370,1
bagels,777497,1
bagels,777510,1
bagels,777711,1
bagels,777864,1
bagels,777877,1
bagels,778151,1
bagels,778325,1
bagels,778511,1
bagels,779057,1
bagels,779061,1
bagels,779065,1
bagels,779283,1
bagels,779290,1
bagels,779298,1
bagels,779322,1
bagels,779344,1
bagels,779642,1
bagels,779927,1
bagels,779986,1
bagels,780068,1
bagels,780107,2
bagels,780538,1
bagels,780939,1
bagels,781322,1
bagels,781391,1
bagels,781434,1
bagels,781847,1
bagels,781913,1
bagels,782007,1
bagels,782104,1
bagels,782708,1
bagels,783037,1
bagels,783624,1
bagels,783668,1
bagels,783894,2
bagels,784664,1
bagels,784796,1
bagels,785262,1
bagels,785493,1
bagels,785801,1
bagels,785953,1
bagels,786760,1
bagels,786789,1
bagels,786809,1
bagels,787058,1
bagels,787173,1
bagels,787326,1
bagels,787695,1
bagels,787736,1
bagels,788000,1
bagels,788270,1
bagels,788459,1
bagels,788562,1
bagels,788586,1
bagels,789000,1
bagels,789328,1
bagels,789526,1
bagels,789535,2
bagels,789864,1
bagels,790606,2
bagels,790641,1
bagels,790760,1
bagels,790982,1
bagels,791038,1
bagels,791690,2
bagels,792006,2
bagels,792034,1
bagels,792118,1
bagels,792185,1
bagels,792328,1
bagels,792342,1
bagels,792530,1
bagels,792596,1
bagels,792986,1
bagels,793119,1
bagels,793313,1
bagels,793609,1
bagels,793622,1
bagels,793833,1
bagels,794046,1
bagels,794263,1
bagels,794755,1
bagels,794924,2
bagels,794965,1
bagels,795094,1
bagels,795207,1
bagels,795297,1
bagels,795720,1
bagels,795976,1
bagels,796241,2
bagels,796293,1
bagels,796412,1
bagels,796570,1
bagels,796791,1
bagels,796807,1
bagels,797052,1
bagels,797137,1
bagels,797220,1
bagels,797847,1
bagels,798019,1
bagels,798053,1
bagels,798079,1
bagels,798363,1
bagels,798402,1
bagels,798479,1
bagels,798698,1
bagels,798764,1
bagels,798987,1
bagels,799435,1
bagels,799437,1
bagels,799709,1
bagels,800334,1
bagels,800472,3
bagels,800636,1
bagels,800891,1
bagels,801021,1
bagels,801027,1
bagels,801311,1
bagels,801404,1
bagels,801415,1
bagels,801775,1
bagels,802174,1
bagels,802428,1
bagels,802712,1
bagels,802767,1
bagels,802804,1
bagels,803081,2
bagels,803124,1
bagels,803213,1
bagels,803518,1
bagels,803553,1
bagels,803558,1
bagels,803787,2
bagels,803804,1
bagels,803953,1
bagels,804212,1
bagels,804504,1
bagels,804681,2
bagels,804696,1
bagels,804761,1
bagels,805301,1
bagels,805327,1
bagels,805782,1
bagels,806197,1
bagels,806536,1
bagels,806686,1
bagels,806978,1
bagels,807249,1
bagels,807315,2
bagels,807967,1
bagels,807980,1
bagels,808144,1
bagels,808353,1
bagels,808664,1
bagels,808736,1
bagels,808853,1
bagels,808970,1
bagels,809014,1
bagels,809141,1
bagels,809376,1
bagels,809507,1
bagels,809684,1
bagels,809876,2
bagels,809985,1
bagels,810422,2
bagels,810608,1
bagels,811020,1
bagels,811025,1
bagels,811221,1
bagels,811496,1
bagels,811721,1
bagels,811809,1
bagels,812012,1
bagels,812287,1
bagels,812596,2
bagels,812735,1
bagels,812754,1
bagels,812974,1
bagels,812997,1
bagels,813465,1
bagels,813501,1
bagels,813655,1
bagels,813658,1
bagels,813914,1
bagels,814166,2
bagels,814221,1
bagels,814264,1
bagels,814652,1
bagels,814996,1
bagels,815073,1
bagels,815075,1
bagels,815354,1
bagels,815369,1
bagels,815701,1
bagels,815744,1
bagels,815764,1
bagels,816021,1
bagels,816116,1
bagels,816342,1
bagels,816583,1
bagels,816601,1
bagels,816812,1
bagels,816852,1
bagels,816936,1
bagels,816964,1
bagels,818454,2
bagels,818909,1
bagels,819478,1
bagels,819491,1
bagels,819498,1
bagels,819634,1
bagels,819675,1
bagels,819743,1
bagels,819821,1
bagels,819848,1
bagels,820319,1
bagels,820357,1
bagels,820384,2
bagels,820629,1
bagels,820693,1
bagels,820788,4
bagels,820889,2
bagels,821037,1
bagels,821135,1
bagels,821346,1
bagels,821513,2
bagels,821802,1
bagels,822251,1
bagels,823467,1
bagels,823567,1
bagels,823705,1
bagels,823841,1
bagels,823868,1
bagels,824290,1
bagels,824387,1
bagels,824919,1
bagels,824933,1
bagels,825248,2
bagels,825312,2
bagels,825640,1
bagels,826948,2
bagels,826975,1
bagels,826988,1
bagels,827191,1
bagels,827208,1
bagels,827403,1
bagels,827569,2
bagels,827738,1
bagels,828102,1
bagels,828155,1
bagels,828426,1
bagels,828604,1
bagels,828647,1
bagels,828721,3
bagels,828928,1
bagels,828960,1
bagels,829009,1
bagels,829080,1
bagels,829582,1
bagels,829618,2
bagels,829904,1
bagels,830357,1
bagels,830553,1
bagels,830642,1
bagels,830842,1
bagels,831110,1
bagels,831164,1
bagels,831308,1
bagels,831432,1
bagels,831485,1
bagels,831641,1
bagels,831912,1
bagels,832285,1
bagels,832597,1
bagels,832647,1
bagels,832719,2
bagels,832865,1
bagels,833456,1
bagels,833866,1
bagels,833952,1
bagels,834311,1
bagels,834380,2
bagels,834658,1
bagels,834745,1
bagels,834768,1
bagels,834945,1
bagels,834950,1
bagels,835090,1
bagels,835213,1
bagels,835279,1
bagels,835758,1
bagels,836322,2
bagels,836323,1
bagels,836641,1
bagels,836721,1
bagels,837513,1
bagels,837595,1
bagels,837739,2
bagels,837870,1
bagels,838222,1
bagels,838474,1
bagels,838624,1
bagels,838686,1
bagels,838788,1
bagels,838879,2
bagels,838882,1
bagels,839136,1
bagels,839169,1
bagels,839659,1
bagels,839713,1
bagels,840325,1
bagels,840406,2
bagels,840778,2
bagels,840857,1
bagels,840995,1
bagels,841113,1
bagels,841172,1
bagels,841194,1
bagels,841248,2
bagels,841375,1
bagels,841826,2
bagels,841893,1
bagels,842451,1
bagels,842688,1
bagels,843192,1
bagels,843312,1
bagels,843688,1
bagels,843800,2
bagels,843833,1
bagels,843879,3
bagels,843990,2
bagels,844158,2
bagels,844273,1
bagels,844276,1
bagels,844437,2
bagels,844643,1
bagels,844675,1
bagels,845100,1
bagels,845517,1
bagels,845633,1
bagels,845822,1
bagels,846634,1
bagels,847053,1
bagels,847079,1
bagels,847413,1
bagels,847484,1
bagels,847755,2
bagels,848529,1
bagels,848563,1
bagels,849490,1
bagels,849736,1
bagels,849995,1
bagels,850077,1
bagels,850214,1
bagels,850917,1
bagels,851031,2
bagels,851059,1
bagels,851536,1
bagels,851688,2
bagels,851806,1
bagels,851943,1
bagels,851961,1
bagels,851991,1
bagels,852031,1
bagels,852090,1
bagels,852332,1
bagels,853070,1
bagels,853178,1
bagels,853313,1
bagels,853663,1
bagels,853723,1
bagels,854185,2
bagels,854289,1
bagels,854407,1
bagels,854479,1
bagels,854557,1
bagels,854743,1
bagels,855114,2
bagels,855258,1
bagels,855376,1
bagels,856094,1
bagels,856846,1
bagels,857228,1
bagels,857283,1
bagels,857415,1
bagels,857490,1
bagels,857638,1
bagels,857683,1
bagels,857784,1
bagels,857930,2
bagels,857994,1
bagels,858071,1
bagels,858323,1
bagels,858542,1
bagels,858661,1
bagels,858815,1
bagels,858966,1
bagels,859425,2
bagels,859467,1
bagels,859761,1
bagels,859955,1
bagels,860023,1
bagels,860062,1
bagels,860191,2
bagels,860775,1
bagels,860943,1
bagels,861002,2
bagels,861026,1
bagels,861368,1
bagels,861392,1
bagels,861590,1
bagels,861665,1
bagels,861710,1
bagels,861947,1
bagels,862255,3
bagels,862285,1
bagels,862506,1
bagels,862757,1
bagels,862801,1
bagels,862808,1
bagels,862850,1
bagels,862882,1
bagels,862947,1
bagels,863494,1
bagels,863735,2
bagels,863904,1
bagels,864095,1
bagels,864549,1
bagels,864837,1
bagels,864932,1
bagels,865165,1
bagels,865688,1
bagels,865825,1
bagels,865925,1
bagels,866221,1
bagels,866300,1
bagels,866618,1
bagels,866673,1
bagels,866796,1
bagels,866881,1
bagels,866964,1
bagels,867069,1
bagels,867233,1
bagels,867247,2
bagels,867581,1
bagels,867716,1
bagels,867857,1
bagels,867951,1
bagels,867976,1
bagels,868408,2
bagels,868725,1
bagels,868781,1
bagels,868913,1
bagels,868916,1
bagels,869250,1
bagels,869625,1
bagels,869627,1
bagels,869814,1
bagels,869947,1
bagels,870147,1
bagels,870174,1
bagels,870221,1
bagels,870508,1
bagels,871037,1
bagels,871187,1
bagels,871718,1
bagels,871885,1
bagels,871923,1
bagels,871941,1
bagels,872328,2
bagels,872430,1
bagels,872682,1
bagels,872717,1
bagels,872765,1
bagels,873007,1
bagels,873234,1
bagels,873329,1
bagels,873609,1
bagels,873657,1
bagels,874251,1
bagels,874657,1
bagels,874722,1
bagels,874732,1
bagels,874742,1
bagels,875126,1
bagels,875279,1
bagels,875837,1
bagels,875887,1
bagels,876310,1
bagels,876376,1
bagels,876447,1
bagels,876489,1
bagels,877668,1
bagels,877851,1
bagels,878313,1
bagels,878316,1
bagels,878848,1
bagels,879062,1
bagels,879381,1
bagels,879421,1
bagels,879442,1
bagels,879655,1
bagels,879824,1
bagels,880021,1
bagels,880080,1
bagels,880153,1
bagels,880320,1
bagels,880397,1
bagels,880483,1
bagels,880543,1
bagels,881202,1
bagels,881362,1
bagels,881409,1
bagels,881501,1
bagels,881507,1
bagels,881899,1
bagels,881932,2
bagels,882703,1
bagels,882912,1
bagels,882962,2
bagels,883209,1
bagels,883271,1
bagels,883420,1
bagels,883487,1
bagels,883602,1
bagels,883726,1
bagels,883728,1
bagels,883751,1
bagels,883947,1
bagels,884113,1
bagels,884172,2
bagels,884312,1
bagels,884402,2
bagels,884552,1
bagels,884916,1
bagels,884942,1
bagels,885286,1
bagels,885354,1
bagels,885374,1
bagels,885431,1
bagels,885510,1
bagels,885615,1
bagels,885648,1
bagels,886209,1
bagels,886304,1
bagels,886553,1
bagels,886981,1
bagels,887057,1
bagels,887302,1
bagels,887452,1
bagels,887830,1
bagels,888293,2
bagels,888496,1
bagels,888933,1
bagels,888937,1
bagels,889070,1
bagels,889264,1
bagels,889476,1
bagels,889782,1
bagels,889814,2
bagels,889849,1
bagels,889965,2
bagels,890354,1
bagels,890700,1
bagels,890740,1
bagels,890897,1
bagels,890923,1
bagels,891192,1
bagels,891914,1
bagels,891981,1
bagels,892090,1
bagels,892123,1
bagels,892185,1
bagels,892258,1
bagels,892440,1
bagels,892973,1
bagels,893045,1
bagels,893065,1
bagels,893698,1
bagels,894126,1
bagels,894262,1
bagels,894384,1
bagels,894519,1
bagels,894664,1
bagels,894853,1
bagels,895248,1
bagels,895258,2
bagels,895618,1
bagels,896149,1
bagels,896651,1
bagels,897013,1
bagels,897061,2
bagels,897074,1
bagels,897787,2
bagels,897814,1
bagels,898064,2
bagels,898112,1
bagels,898491,1
bagels,898650,1
bagels,899048,2
bagels,899342,1
bagels,899529,1
bagels,899560,1
bagels,900130,1
bagels,900411,1
bagels,900464,1
bagels,900959,1
bagels,901553,1
bagels,901762,1
bagels,901937,1
bagels,902302,1
bagels,902494,1
bagels,902591,1
bagels,902773,1
bagels,902872,1
bagels,902910,1
bagels,902975,1
bagels,903366,1
bagels,903367,1
bagels,903432,1
bagels,903679,2
bagels,903969,1
bagels,904035,1
bagels,904112,1
bagels,904192,2
bagels,904291,1
bagels,904422,1
bagels,904423,1
bagels,904465,1
bagels,904737,2
bagels,904908,1
bagels,904940,1
bagels,905097,1
bagels,905227,1
bagels,905497,1
bagels,905621,1
bagels,905646,1
bagels,905666,1
bagels,905780,1
bagels,906330,1
bagels,906437,1
bagels,906491,1
bagels,906946,2
bagels,907563,2
bagels,907635,1
bagels,907785,1
bagels,907844,2
bagels,908612,1
bagels,908688,1
bagels,908931,1
bagels,909084,1
bagels,909383,1
bagels,909823,1
bagels,909948,1
bagels,910581,1
bagels,910589,2
bagels,910821,1
bagels,910960,1
bagels,910992,1
bagels,911134,1
bagels,911319,2
bagels,911541,1
bagels,911559,1
bagels,911868,1
bagels,911960,1
bagels,912028,1
bagels,912053,1
bagels,912093,1
bagels,912630,1
bagels,912700,1
bagels,912785,1
bagels,912819,1
bagels,913480,1
bagels,913517,1
bagels,913550,1
bagels,913736,1
bagels,913746,1
bagels,913749,1
bagels,913808,1
bagels,913846,1
bagels,914148,2
bagels,914228,1
bagels,914261,1
bagels,914267,1
bagels,914841,2
bagels,915174,1
bagels,915566,2
bagels,916149,1
bagels,916621,1
bagels,916754,1
bagels,916925,2
bagels,916986,1
bagels,917199,1
bagels,917241,1
bagels,917576,1
bagels,917591,1
bagels,917935,1
bagels,918017,1
bagels,918027,1
bagels,918035,1
bagels,918170,1
bagels,918237,1
bagels,918661,2
bagels,918709,1
bagels,918814,1
bagels,919045,1
bagels,919048,1
bagels,919129,1
bagels,919560,1
bagels,919895,2
bagels,919937,2
bagels,920002,3
bagels,920006,1
bagels,920036,2
bagels,920112,1
bagels,920394,1
bagels,920982,1
bagels,921060,1
bagels,921286,1
bagels,921476,1
bagels,921683,1
bagels,921908,1
bagels,922335,1
bagels,922406,1
bagels,922748,2
bagels,923035,3
bagels,923087,1
bagels,923305,1
bagels,923349,1
bagels,923738,3
bagels,923792,1
bagels,923978,1
bagels,924212,2
bagels,924886,1
bagels,925002,1
bagels,925203,1
bagels,925353,1
bagels,925792,1
bagels,926350,1
bagels,926435,1
bagels,926940,1
bagels,927123,1
bagels,927920,2
bagels,927948,1
bagels,928296,2
bagels,928329,2
bagels,928635,1
bagels,929331,1
bagels,929418,1
bagels,929680,1
bagels,929714,1
bagels,929813,1
bagels,930147,1
bagels,930239,1
bagels,930513,2
bagels,931391,1
bagels,931461,1
bagels,931568,1
bagels,932014,1
bagels,932287,1
bagels,932432,1
bagels,932464,1
bagels,932643,1
bagels,932669,1
bagels,933018,1
bagels,933204,1
bagels,933555,1
bagels,933630,1
bagels,933680,2
bagels,933721,1
bagels,933970,1
bagels,934096,1
bagels,934233,1
bagels,934435,2
bagels,934540,1
bagels,934802,1
bagels,934826,1
bagels,935171,2
bagels,935692,2
bagels,936386,1
bagels,936516,1
bagels,936863,2
bagels,937120,1
bagels,937346,2
bagels,937458,1
bagels,938054,1
bagels,938121,1
bagels,938174,1
bagels,938216,1
bagels,938305,1
bagels,938593,1
bagels,939047,1
bagels,939311,1
bagels,939756,1
bagels,939803,1
bagels,939863,1
bagels,940357,1
bagels,940573,1
bagels,940805,1
bagels,941091,1
bagels,941175,1
bagels,941189,1
bagels,941558,1
bagels,941858,1
bagels,942229,1
bagels,942429,2
bagels,942534,2
bagels,942877,2
bagels,942889,1
bagels,943163,2
bagels,943251,1
bagels,943344,2
bagels,943669,1
bagels,943803,2
bagels,944072,1
bagels,944318,3
bagels,944323,1
bagels,944503,1
bagels,944559,1
bagels,944845,1
bagels,945288,1
bagels,945404,1
bagels,945500,1
bagels,945546,1
bagels,945650,1
bagels,945658,1
bagels,946021,1
bagels,946240,1
bagels,946277,1
bagels,946453,1
bagels,946862,1
bagels,947287,1
bagels,947512,1
bagels,947815,3
bagels,948228,1
bagels,948456,1
bagels,948613,1
bagels,948706,1
bagels,948721,1
bagels,949234,1
bagels,949775,1
bagels,949939,1
bagels,950346,1
bagels,950852,1
bagels,950935,1
bagels,951127,1
bagels,951193,1
bagels,951388,1
bagels,951508,1
bagels,951689,1
bagels,951860,1
bagels,952054,2
bagels,952201,1
bagels,952912,1
bagels,952987,1
bagels,953535,1
bagels,953694,1
bagels,953878,1
bagels,953959,1
bagels,954045,1
bagels,954097,1
bagels,954399,1
bagels,954636,1
bagels,955505,1
bagels,955515,1
bagels,955814,1
bagels,955918,1
bagels,956031,1
bagels,956085,1
bagels,956104,1
bagels,956200,2
bagels,956253,1
bagels,956467,1
bagels,956567,1
bagels,956666,1
bagels,956674,2
bagels,956691,1
bagels,956770,1
bagels,956989,1
bagels,957410,2
bagels,957485,2
bagels,957598,1
bagels,957687,1
bagels,957787,1
bagels,957925,3
bagels,958014,2
bagels,958185,1
bagels,958188,1
bagels,958372,2
bagels,958475,1
bagels,959050,1
bagels,959237,1
bagels,959708,1
bagels,959768,1
bagels,960715,1
bagels,961108,1
bagels,961130,2
bagels,961214,1
bagels,961268,2
bagels,961351,1
bagels,961387,1
bagels,961519,1
bagels,961594,2
bagels,961666,2
bagels,961731,1
bagels,961904,1
bagels,961906,1
bagels,962049,1
bagels,962211,1
bagels,962388,1
bagels,962484,1
bagels,962784,1
bagels,962828,1
bagels,962830,1
bagels,962969,1
bagels,963405,1
bagels,963509,1
bagels,963523,1
bagels,963539,2
bagels,963987,1
bagels,964402,1
bagels,964768,1
bagels,964963,1
bagels,965241,1
bagels,965759,1
bagels,965913,1
bagels,966068,1
bagels,966101,1
bagels,966657,1
bagels,966752,1
bagels,967296,2
bagels,967339,1
bagels,967501,1
bagels,967698,1
bagels,967805,1
bagels,968010,1
bagels,968127,1
bagels,968128,1
bagels,968217,1
bagels,968354,1
bagels,968413,1
bagels,968435,1
bagels,968459,2
bagels,968570,1
bagels,968693,1
bagels,968784,2
bagels,968899,2
bagels,968905,2
bagels,968910,1
bagels,969075,2
bagels,969133,1
bagels,969364,1
bagels,969640,1
bagels,969672,1
bagels,969690,1
bagels,970111,2
bagels,970188,1
bagels,970294,1
bagels,970335,2
bagels,970463,2
bagels,970738,1
bagels,970932,1
bagels,970967,1
bagels,971201,1
bagels,971473,1
bagels,971616,1
bagels,972007,1
bagels,972458,1
bagels,972733,1
bagels,972986,1
bagels,973409,1
bagels,973433,1
bagels,973619,1
bagels,973683,1
bagels,973771,1
bagels,973825,1
bagels,974799,1
bagels,974920,2
bagels,975033,1
bagels,975071,1
bagels,975183,1
bagels,975539,1
bagels,975952,1
bagels,976202,1
bagels,976624,1
bagels,976735,1
bagels,976841,1
bagels,977149,1
bagels,977270,2
bagels,977324,1
bagels,977578,1
bagels,977694,1
bagels,978251,1
bagels,978308,1
bagels,978599,1
bagels,978618,1
bagels,978841,1
bagels,979022,1
bagels,979098,1
bagels,979564,1
bagels,979782,1
bagels,979870,1
bagels,979918,1
bagels,980436,1
bagels,980541,1
bagels,980658,1
bagels,980742,1
bagels,981034,1
bagels,981120,1
bagels,981283,2
bagels,981293,1
bagels,981429,1
bagels,981494,1
bagels,981594,1
bagels,981609,1
bagels,981851,1
bagels,981988,1
bagels,982458,1
bagels,982546,1
bagels,982566,1
bagels,982831,1
bagels,983057,1
bagels,983428,1
bagels,983671,1
bagels,983752,1
bagels,983956,1
bagels,984395,1
bagels,984451,1
bagels,984685,1
bagels,984695,1
bagels,984714,1
bagels,984793,1
bagels,984872,1
bagels,984918,1
bagels,985896,1
bagels,986130,1
bagels,986370,1
bagels,986767,1
bagels,987013,1
bagels,987157,1
bagels,987218,1
bagels,987985,1
bagels,988025,1
bagels,988268,1
bagels,988409,1
bagels,988411,1
bagels,988726,1
bagels,988741,1
bagels,988773,2
bagels,988803,1
bagels,988809,2
bagels,988857,1
bagels,988940,1
bagels,989204,1
bagels,989262,2
bagels,989749,1
bagels,989783,1
bagels,989912,1
bagels,989972,1
bagels,990232,1
bagels,990265,1
bagels,990585,1
bagels,990702,1
bagels,990728,1
bagels,990735,1
bagels,991463,1
bagels,991557,1
bagels,992061,1
bagels,992372,1
bagels,992588,1
bagels,992894,1
bagels,993120,1
bagels,993197,1
bagels,993360,1
